-- Country: Dominican Republic
INSERT INTO countries (
    code_iso2,
    code_iso3,
    name,
    i18n_key,
    currency,
    currency_symbol,
    region,
    nationality,
    timezones,
    latitude,
    longitude,
    emoji,
    emoji_u
) VALUES (
    'DO',
    'DOM',
    'Dominican Republic',
    'do.name',
    'DOP',
    '$',
    'Americas',
    'Dominican',
    '[{zoneName:''America\/Santo_Domingo'',gmtOffset:-14400,gmtOffsetName:''UTC-04:00'',abbreviation:''AST'',tzName:''Atlantic Standard Time''}]',
    19.00000000,
    -70.66666666,
    '游뾇릖',
    'U+1F1E9 U+1F1F4'
);


-- State: Azua
INSERT INTO states (
    id,
    country_code,
    state_code,
    name,
    i18n_key,
    type,
    latitude,
    longitude
) VALUES (
    4114,
    'DO',
    '02',
    'Azua',
    'do.azua.name',
    'province',
    18.45527090,
    -70.73809280
);


-- City: Azua
INSERT INTO cities (
    id,
    country_code, 
    country_name,
    state_code,
    state_name,
    name,
    i18n_key, 
    latitude, 
    longitude
) VALUES (
    31024,
    'DO',
    'Dominican Republic',
    '02',
    'Azua',
    'Azua',
    'do.azua.azua.name',
    18.45319000,
    -70.73490000
);

-- City: El Guayabal
INSERT INTO cities (
    id,
    country_code, 
    country_name,
    state_code,
    state_name,
    name,
    i18n_key, 
    latitude, 
    longitude
) VALUES (
    31060,
    'DO',
    'Dominican Republic',
    '02',
    'Azua',
    'El Guayabal',
    'do.azua.el_guayabal.name',
    18.74960000,
    -70.83690000
);

-- City: Esteban칤a
INSERT INTO cities (
    id,
    country_code, 
    country_name,
    state_code,
    state_name,
    name,
    i18n_key, 
    latitude, 
    longitude
) VALUES (
    31070,
    'DO',
    'Dominican Republic',
    '02',
    'Azua',
    'Esteban칤a',
    'do.azua.estebania.name',
    18.45770000,
    -70.64350000
);

-- City: Las Charcas
INSERT INTO cities (
    id,
    country_code, 
    country_name,
    state_code,
    state_name,
    name,
    i18n_key, 
    latitude, 
    longitude
) VALUES (
    31111,
    'DO',
    'Dominican Republic',
    '02',
    'Azua',
    'Las Charcas',
    'do.azua.las_charcas.name',
    18.45026000,
    -70.61724000
);

-- City: Padre Las Casas
INSERT INTO cities (
    id,
    country_code, 
    country_name,
    state_code,
    state_name,
    name,
    i18n_key, 
    latitude, 
    longitude
) VALUES (
    31142,
    'DO',
    'Dominican Republic',
    '02',
    'Azua',
    'Padre Las Casas',
    'do.azua.padre_las_casas.name',
    18.75000000,
    -70.88333000
);

-- City: Palmar de Ocoa
INSERT INTO cities (
    id,
    country_code, 
    country_name,
    state_code,
    state_name,
    name,
    i18n_key, 
    latitude, 
    longitude
) VALUES (
    31144,
    'DO',
    'Dominican Republic',
    '02',
    'Azua',
    'Palmar de Ocoa',
    'do.azua.palmar_de_ocoa.name',
    18.29656000,
    -70.58635000
);

-- City: Peralta
INSERT INTO cities (
    id,
    country_code, 
    country_name,
    state_code,
    state_name,
    name,
    i18n_key, 
    latitude, 
    longitude
) VALUES (
    31153,
    'DO',
    'Dominican Republic',
    '02',
    'Azua',
    'Peralta',
    'do.azua.peralta.name',
    18.58164000,
    -70.77029000
);

-- City: Pueblo Viejo
INSERT INTO cities (
    id,
    country_code, 
    country_name,
    state_code,
    state_name,
    name,
    i18n_key, 
    latitude, 
    longitude
) VALUES (
    31160,
    'DO',
    'Dominican Republic',
    '02',
    'Azua',
    'Pueblo Viejo',
    'do.azua.pueblo_viejo.name',
    18.40000000,
    -70.76765000
);

-- City: Sabana Yegua
INSERT INTO cities (
    id,
    country_code, 
    country_name,
    state_code,
    state_name,
    name,
    i18n_key, 
    latitude, 
    longitude
) VALUES (
    31174,
    'DO',
    'Dominican Republic',
    '02',
    'Azua',
    'Sabana Yegua',
    'do.azua.sabana_yegua.name',
    18.71667000,
    -71.01667000
);

-- City: T치bara Arriba
INSERT INTO cities (
    id,
    country_code, 
    country_name,
    state_code,
    state_name,
    name,
    i18n_key, 
    latitude, 
    longitude
) VALUES (
    31207,
    'DO',
    'Dominican Republic',
    '02',
    'Azua',
    'T치bara Arriba',
    'do.azua.tabara_arriba.name',
    18.56999000,
    -70.87978000
);

-- City: Villarpando
INSERT INTO cities (
    id,
    country_code, 
    country_name,
    state_code,
    state_name,
    name,
    i18n_key, 
    latitude, 
    longitude
) VALUES (
    31222,
    'DO',
    'Dominican Republic',
    '02',
    'Azua',
    'Villarpando',
    'do.azua.villarpando.name',
    18.65860000,
    -71.03916000
);

-- City: Yayas de Viajama
INSERT INTO cities (
    id,
    country_code, 
    country_name,
    state_code,
    state_name,
    name,
    i18n_key, 
    latitude, 
    longitude
) VALUES (
    31225,
    'DO',
    'Dominican Republic',
    '02',
    'Azua',
    'Yayas de Viajama',
    'do.azua.yayas_de_viajama.name',
    18.60710000,
    -70.92753000
);


-- State: Baoruco
INSERT INTO states (
    id,
    country_code,
    state_code,
    name,
    i18n_key,
    type,
    latitude,
    longitude
) VALUES (
    4105,
    'DO',
    '03',
    'Baoruco',
    'do.baoruco.name',
    'province',
    18.48798980,
    -71.41822490
);


-- City: El Palmar
INSERT INTO cities (
    id,
    country_code, 
    country_name,
    state_code,
    state_name,
    name,
    i18n_key, 
    latitude, 
    longitude
) VALUES (
    31061,
    'DO',
    'Dominican Republic',
    '03',
    'Baoruco',
    'El Palmar',
    'do.baoruco.el_palmar.name',
    18.41139000,
    -71.24558000
);

-- City: Galv치n
INSERT INTO cities (
    id,
    country_code, 
    country_name,
    state_code,
    state_name,
    name,
    i18n_key, 
    latitude, 
    longitude
) VALUES (
    31074,
    'DO',
    'Dominican Republic',
    '03',
    'Baoruco',
    'Galv치n',
    'do.baoruco.galvan.name',
    18.50228000,
    -71.34271000
);

-- City: La Uvilla
INSERT INTO cities (
    id,
    country_code, 
    country_name,
    state_code,
    state_name,
    name,
    i18n_key, 
    latitude, 
    longitude
) VALUES (
    31109,
    'DO',
    'Dominican Republic',
    '03',
    'Baoruco',
    'La Uvilla',
    'do.baoruco.la_uvilla.name',
    18.36186000,
    -71.21046000
);

-- City: Los R칤os
INSERT INTO cities (
    id,
    country_code, 
    country_name,
    state_code,
    state_name,
    name,
    i18n_key, 
    latitude, 
    longitude
) VALUES (
    31122,
    'DO',
    'Dominican Republic',
    '03',
    'Baoruco',
    'Los R칤os',
    'do.baoruco.los_rios.name',
    18.52131000,
    -71.59106000
);

-- City: Neiba
INSERT INTO cities (
    id,
    country_code, 
    country_name,
    state_code,
    state_name,
    name,
    i18n_key, 
    latitude, 
    longitude
) VALUES (
    31138,
    'DO',
    'Dominican Republic',
    '03',
    'Baoruco',
    'Neiba',
    'do.baoruco.neiba.name',
    18.48137000,
    -71.41965000
);

-- City: Tamayo
INSERT INTO cities (
    id,
    country_code, 
    country_name,
    state_code,
    state_name,
    name,
    i18n_key, 
    latitude, 
    longitude
) VALUES (
    31203,
    'DO',
    'Dominican Republic',
    '03',
    'Baoruco',
    'Tamayo',
    'do.baoruco.tamayo.name',
    18.50000000,
    -71.16667000
);

-- City: Villa Jaragua
INSERT INTO cities (
    id,
    country_code, 
    country_name,
    state_code,
    state_name,
    name,
    i18n_key, 
    latitude, 
    longitude
) VALUES (
    31218,
    'DO',
    'Dominican Republic',
    '03',
    'Baoruco',
    'Villa Jaragua',
    'do.baoruco.villa_jaragua.name',
    18.49077000,
    -71.48377000
);


-- State: Barahona
INSERT INTO states (
    id,
    country_code,
    state_code,
    name,
    i18n_key,
    type,
    latitude,
    longitude
) VALUES (
    4090,
    'DO',
    '04',
    'Barahona',
    'do.barahona.name',
    'province',
    18.21390660,
    -71.10437590
);


-- City: Cabral
INSERT INTO cities (
    id,
    country_code, 
    country_name,
    state_code,
    state_name,
    name,
    i18n_key, 
    latitude, 
    longitude
) VALUES (
    31036,
    'DO',
    'Dominican Republic',
    '04',
    'Barahona',
    'Cabral',
    'do.barahona.cabral.name',
    18.19991000,
    -71.24660000
);

-- City: Cach칩n
INSERT INTO cities (
    id,
    country_code, 
    country_name,
    state_code,
    state_name,
    name,
    i18n_key, 
    latitude, 
    longitude
) VALUES (
    31038,
    'DO',
    'Dominican Republic',
    '04',
    'Barahona',
    'Cach칩n',
    'do.barahona.cachon.name',
    18.24833000,
    -71.18912000
);

-- City: Canoa
INSERT INTO cities (
    id,
    country_code, 
    country_name,
    state_code,
    state_name,
    name,
    i18n_key, 
    latitude, 
    longitude
) VALUES (
    31041,
    'DO',
    'Dominican Republic',
    '04',
    'Barahona',
    'Canoa',
    'do.barahona.canoa.name',
    18.35499000,
    -71.15851000
);

-- City: El Pe침칩n
INSERT INTO cities (
    id,
    country_code, 
    country_name,
    state_code,
    state_name,
    name,
    i18n_key, 
    latitude, 
    longitude
) VALUES (
    31062,
    'DO',
    'Dominican Republic',
    '04',
    'Barahona',
    'El Pe침칩n',
    'do.barahona.el_penon.name',
    18.29643000,
    -71.18410000
);

-- City: Enriquillo
INSERT INTO cities (
    id,
    country_code, 
    country_name,
    state_code,
    state_name,
    name,
    i18n_key, 
    latitude, 
    longitude
) VALUES (
    31066,
    'DO',
    'Dominican Republic',
    '04',
    'Barahona',
    'Enriquillo',
    'do.barahona.enriquillo.name',
    17.91667000,
    -71.25000000
);

-- City: Fundaci칩n
INSERT INTO cities (
    id,
    country_code, 
    country_name,
    state_code,
    state_name,
    name,
    i18n_key, 
    latitude, 
    longitude
) VALUES (
    31073,
    'DO',
    'Dominican Republic',
    '04',
    'Barahona',
    'Fundaci칩n',
    'do.barahona.fundacion.name',
    18.28668000,
    -71.18147000
);

-- City: Jaquimeyes
INSERT INTO cities (
    id,
    country_code, 
    country_name,
    state_code,
    state_name,
    name,
    i18n_key, 
    latitude, 
    longitude
) VALUES (
    31090,
    'DO',
    'Dominican Republic',
    '04',
    'Barahona',
    'Jaquimeyes',
    'do.barahona.jaquimeyes.name',
    18.31173000,
    -71.16145000
);

-- City: La Ci칠naga
INSERT INTO cities (
    id,
    country_code, 
    country_name,
    state_code,
    state_name,
    name,
    i18n_key, 
    latitude, 
    longitude
) VALUES (
    31104,
    'DO',
    'Dominican Republic',
    '04',
    'Barahona',
    'La Ci칠naga',
    'do.barahona.la_cienaga.name',
    18.06858000,
    -71.10651000
);

-- City: Las Salinas
INSERT INTO cities (
    id,
    country_code, 
    country_name,
    state_code,
    state_name,
    name,
    i18n_key, 
    latitude, 
    longitude
) VALUES (
    31115,
    'DO',
    'Dominican Republic',
    '04',
    'Barahona',
    'Las Salinas',
    'do.barahona.las_salinas.name',
    18.27485000,
    -71.31596000
);

-- City: Para칤so
INSERT INTO cities (
    id,
    country_code, 
    country_name,
    state_code,
    state_name,
    name,
    i18n_key, 
    latitude, 
    longitude
) VALUES (
    31145,
    'DO',
    'Dominican Republic',
    '04',
    'Barahona',
    'Para칤so',
    'do.barahona.paraiso.name',
    18.02652000,
    -71.20889000
);

-- City: Pescader칤a
INSERT INTO cities (
    id,
    country_code, 
    country_name,
    state_code,
    state_name,
    name,
    i18n_key, 
    latitude, 
    longitude
) VALUES (
    31154,
    'DO',
    'Dominican Republic',
    '04',
    'Barahona',
    'Pescader칤a',
    'do.barahona.pescaderia.name',
    18.26766000,
    -71.16612000
);

-- City: Polo
INSERT INTO cities (
    id,
    country_code, 
    country_name,
    state_code,
    state_name,
    name,
    i18n_key, 
    latitude, 
    longitude
) VALUES (
    31158,
    'DO',
    'Dominican Republic',
    '04',
    'Barahona',
    'Polo',
    'do.barahona.polo.name',
    18.07873000,
    -71.28723000
);

-- City: Santa Cruz de Barahona
INSERT INTO cities (
    id,
    country_code, 
    country_name,
    state_code,
    state_name,
    name,
    i18n_key, 
    latitude, 
    longitude
) VALUES (
    31194,
    'DO',
    'Dominican Republic',
    '04',
    'Barahona',
    'Santa Cruz de Barahona',
    'do.barahona.santa_cruz_de_barahona.name',
    18.20854000,
    -71.10077000
);

-- City: Vicente Noble
INSERT INTO cities (
    id,
    country_code, 
    country_name,
    state_code,
    state_name,
    name,
    i18n_key, 
    latitude, 
    longitude
) VALUES (
    31210,
    'DO',
    'Dominican Republic',
    '04',
    'Barahona',
    'Vicente Noble',
    'do.barahona.vicente_noble.name',
    18.38443000,
    -71.18009000
);


-- State: Dajab칩n
INSERT INTO states (
    id,
    country_code,
    state_code,
    name,
    i18n_key,
    type,
    latitude,
    longitude
) VALUES (
    4107,
    'DO',
    '05',
    'Dajab칩n',
    'do.dajabon.name',
    'province',
    19.54992410,
    -71.70865140
);


-- City: Dajab칩n
INSERT INTO cities (
    id,
    country_code, 
    country_name,
    state_code,
    state_name,
    name,
    i18n_key, 
    latitude, 
    longitude
) VALUES (
    31053,
    'DO',
    'Dominican Republic',
    '05',
    'Dajab칩n',
    'Dajab칩n',
    'do.dajabon.dajabon.name',
    19.54878000,
    -71.70829000
);

-- City: El Pino
INSERT INTO cities (
    id,
    country_code, 
    country_name,
    state_code,
    state_name,
    name,
    i18n_key, 
    latitude, 
    longitude
) VALUES (
    31063,
    'DO',
    'Dominican Republic',
    '05',
    'Dajab칩n',
    'El Pino',
    'do.dajabon.el_pino.name',
    19.43537000,
    -71.47540000
);

-- City: Loma de Cabrera
INSERT INTO cities (
    id,
    country_code, 
    country_name,
    state_code,
    state_name,
    name,
    i18n_key, 
    latitude, 
    longitude
) VALUES (
    31118,
    'DO',
    'Dominican Republic',
    '05',
    'Dajab칩n',
    'Loma de Cabrera',
    'do.dajabon.loma_de_cabrera.name',
    19.41667000,
    -71.58333000
);

-- City: Partido
INSERT INTO cities (
    id,
    country_code, 
    country_name,
    state_code,
    state_name,
    name,
    i18n_key, 
    latitude, 
    longitude
) VALUES (
    31146,
    'DO',
    'Dominican Republic',
    '05',
    'Dajab칩n',
    'Partido',
    'do.dajabon.partido.name',
    19.48403000,
    -71.54730000
);

-- City: Restauraci칩n
INSERT INTO cities (
    id,
    country_code, 
    country_name,
    state_code,
    state_name,
    name,
    i18n_key, 
    latitude, 
    longitude
) VALUES (
    31165,
    'DO',
    'Dominican Republic',
    '05',
    'Dajab칩n',
    'Restauraci칩n',
    'do.dajabon.restauracion.name',
    19.31532000,
    -71.69239000
);


-- State: Distrito Nacional
INSERT INTO states (
    id,
    country_code,
    state_code,
    name,
    i18n_key,
    type,
    latitude,
    longitude
) VALUES (
    4095,
    'DO',
    '01',
    'Distrito Nacional',
    'do.distrito_nacional.name',
    'district',
    18.48605750,
    -69.93121170
);


-- City: Bella Vista
INSERT INTO cities (
    id,
    country_code, 
    country_name,
    state_code,
    state_name,
    name,
    i18n_key, 
    latitude, 
    longitude
) VALUES (
    31029,
    'DO',
    'Dominican Republic',
    '01',
    'Distrito Nacional',
    'Bella Vista',
    'do.distrito_nacional.bella_vista.name',
    18.45539000,
    -69.94540000
);

-- City: Ciudad Nueva
INSERT INTO cities (
    id,
    country_code, 
    country_name,
    state_code,
    state_name,
    name,
    i18n_key, 
    latitude, 
    longitude
) VALUES (
    31047,
    'DO',
    'Dominican Republic',
    '01',
    'Distrito Nacional',
    'Ciudad Nueva',
    'do.distrito_nacional.ciudad_nueva.name',
    18.46707000,
    -69.89339000
);

-- City: Cristo Rey
INSERT INTO cities (
    id,
    country_code, 
    country_name,
    state_code,
    state_name,
    name,
    i18n_key, 
    latitude, 
    longitude
) VALUES (
    31051,
    'DO',
    'Dominican Republic',
    '01',
    'Distrito Nacional',
    'Cristo Rey',
    'do.distrito_nacional.cristo_rey.name',
    18.50000000,
    -69.93333000
);

-- City: Ensanche Luper칩n
INSERT INTO cities (
    id,
    country_code, 
    country_name,
    state_code,
    state_name,
    name,
    i18n_key, 
    latitude, 
    longitude
) VALUES (
    31067,
    'DO',
    'Dominican Republic',
    '01',
    'Distrito Nacional',
    'Ensanche Luper칩n',
    'do.distrito_nacional.ensanche_luperon.name',
    18.50000000,
    -69.90000000
);

-- City: La Agustina
INSERT INTO cities (
    id,
    country_code, 
    country_name,
    state_code,
    state_name,
    name,
    i18n_key, 
    latitude, 
    longitude
) VALUES (
    31101,
    'DO',
    'Dominican Republic',
    '01',
    'Distrito Nacional',
    'La Agustina',
    'do.distrito_nacional.la_agustina.name',
    18.50000000,
    -69.93333000
);

-- City: La Julia
INSERT INTO cities (
    id,
    country_code, 
    country_name,
    state_code,
    state_name,
    name,
    i18n_key, 
    latitude, 
    longitude
) VALUES (
    31107,
    'DO',
    'Dominican Republic',
    '01',
    'Distrito Nacional',
    'La Julia',
    'do.distrito_nacional.la_julia.name',
    18.46667000,
    -69.93333000
);

-- City: San Carlos
INSERT INTO cities (
    id,
    country_code, 
    country_name,
    state_code,
    state_name,
    name,
    i18n_key, 
    latitude, 
    longitude
) VALUES (
    31182,
    'DO',
    'Dominican Republic',
    '01',
    'Distrito Nacional',
    'San Carlos',
    'do.distrito_nacional.san_carlos.name',
    18.48333000,
    -69.90000000
);

-- City: Santo Domingo
INSERT INTO cities (
    id,
    country_code, 
    country_name,
    state_code,
    state_name,
    name,
    i18n_key, 
    latitude, 
    longitude
) VALUES (
    31197,
    'DO',
    'Dominican Republic',
    '01',
    'Distrito Nacional',
    'Santo Domingo',
    'do.distrito_nacional.santo_domingo.name',
    18.47186000,
    -69.89232000
);

-- City: Villa Consuelo
INSERT INTO cities (
    id,
    country_code, 
    country_name,
    state_code,
    state_name,
    name,
    i18n_key, 
    latitude, 
    longitude
) VALUES (
    31213,
    'DO',
    'Dominican Republic',
    '01',
    'Distrito Nacional',
    'Villa Consuelo',
    'do.distrito_nacional.villa_consuelo.name',
    18.48333000,
    -69.90000000
);

-- City: Villa Francisca
INSERT INTO cities (
    id,
    country_code, 
    country_name,
    state_code,
    state_name,
    name,
    i18n_key, 
    latitude, 
    longitude
) VALUES (
    31215,
    'DO',
    'Dominican Republic',
    '01',
    'Distrito Nacional',
    'Villa Francisca',
    'do.distrito_nacional.villa_francisca.name',
    18.48278000,
    -69.88914000
);


-- State: Duarte
INSERT INTO states (
    id,
    country_code,
    state_code,
    name,
    i18n_key,
    type,
    latitude,
    longitude
) VALUES (
    4113,
    'DO',
    '06',
    'Duarte',
    'do.duarte.name',
    'province',
    19.20908230,
    -70.02700040
);


-- City: Agua Santa del Yuna
INSERT INTO cities (
    id,
    country_code, 
    country_name,
    state_code,
    state_name,
    name,
    i18n_key, 
    latitude, 
    longitude
) VALUES (
    31019,
    'DO',
    'Dominican Republic',
    '06',
    'Duarte',
    'Agua Santa del Yuna',
    'do.duarte.agua_santa_del_yuna.name',
    19.15072000,
    -69.80069000
);

-- City: Arenoso
INSERT INTO cities (
    id,
    country_code, 
    country_name,
    state_code,
    state_name,
    name,
    i18n_key, 
    latitude, 
    longitude
) VALUES (
    31022,
    'DO',
    'Dominican Republic',
    '06',
    'Duarte',
    'Arenoso',
    'do.duarte.arenoso.name',
    19.18732000,
    -69.85917000
);

-- City: Castillo
INSERT INTO cities (
    id,
    country_code, 
    country_name,
    state_code,
    state_name,
    name,
    i18n_key, 
    latitude, 
    longitude
) VALUES (
    31043,
    'DO',
    'Dominican Republic',
    '06',
    'Duarte',
    'Castillo',
    'do.duarte.castillo.name',
    19.25000000,
    -70.00000000
);

-- City: Hostos
INSERT INTO cities (
    id,
    country_code, 
    country_name,
    state_code,
    state_name,
    name,
    i18n_key, 
    latitude, 
    longitude
) VALUES (
    31086,
    'DO',
    'Dominican Republic',
    '06',
    'Duarte',
    'Hostos',
    'do.duarte.hostos.name',
    19.18043000,
    -70.02046000
);

-- City: Las Gu치ranas
INSERT INTO cities (
    id,
    country_code, 
    country_name,
    state_code,
    state_name,
    name,
    i18n_key, 
    latitude, 
    longitude
) VALUES (
    31112,
    'DO',
    'Dominican Republic',
    '06',
    'Duarte',
    'Las Gu치ranas',
    'do.duarte.las_guaranas.name',
    19.19310000,
    -70.20835000
);

-- City: Pimentel
INSERT INTO cities (
    id,
    country_code, 
    country_name,
    state_code,
    state_name,
    name,
    i18n_key, 
    latitude, 
    longitude
) VALUES (
    31156,
    'DO',
    'Dominican Republic',
    '06',
    'Duarte',
    'Pimentel',
    'do.duarte.pimentel.name',
    19.21667000,
    -70.16667000
);

-- City: San Francisco de Macor칤s
INSERT INTO cities (
    id,
    country_code, 
    country_name,
    state_code,
    state_name,
    name,
    i18n_key, 
    latitude, 
    longitude
) VALUES (
    31185,
    'DO',
    'Dominican Republic',
    '06',
    'Duarte',
    'San Francisco de Macor칤s',
    'do.duarte.san_francisco_de_macoris.name',
    19.30099000,
    -70.25259000
);

-- City: Villa Riva
INSERT INTO cities (
    id,
    country_code, 
    country_name,
    state_code,
    state_name,
    name,
    i18n_key, 
    latitude, 
    longitude
) VALUES (
    31219,
    'DO',
    'Dominican Republic',
    '06',
    'Duarte',
    'Villa Riva',
    'do.duarte.villa_riva.name',
    19.15051000,
    -69.88370000
);


-- State: El Seibo
INSERT INTO states (
    id,
    country_code,
    state_code,
    name,
    i18n_key,
    type,
    latitude,
    longitude
) VALUES (
    4086,
    'DO',
    '08',
    'El Seibo',
    'do.el_seibo.name',
    'province',
    18.76584960,
    -69.04066800
);


-- City: Miches
INSERT INTO cities (
    id,
    country_code, 
    country_name,
    state_code,
    state_name,
    name,
    i18n_key, 
    latitude, 
    longitude
) VALUES (
    31131,
    'DO',
    'Dominican Republic',
    '08',
    'El Seibo',
    'Miches',
    'do.el_seibo.miches.name',
    18.98364000,
    -69.04760000
);

-- City: Pedro S치nchez
INSERT INTO cities (
    id,
    country_code, 
    country_name,
    state_code,
    state_name,
    name,
    i18n_key, 
    latitude, 
    longitude
) VALUES (
    31151,
    'DO',
    'Dominican Republic',
    '08',
    'El Seibo',
    'Pedro S치nchez',
    'do.el_seibo.pedro_sanchez.name',
    18.86375000,
    -69.10868000
);

-- City: Santa Cruz de El Seibo
INSERT INTO cities (
    id,
    country_code, 
    country_name,
    state_code,
    state_name,
    name,
    i18n_key, 
    latitude, 
    longitude
) VALUES (
    31195,
    'DO',
    'Dominican Republic',
    '08',
    'El Seibo',
    'Santa Cruz de El Seibo',
    'do.el_seibo.santa_cruz_de_el_seibo.name',
    18.76559000,
    -69.03886000
);


-- State: Espaillat
INSERT INTO states (
    id,
    country_code,
    state_code,
    name,
    i18n_key,
    type,
    latitude,
    longitude
) VALUES (
    4102,
    'DO',
    '09',
    'Espaillat',
    'do.espaillat.name',
    'province',
    19.62776580,
    -70.27867750
);


-- City: Cayetano Germos칠n
INSERT INTO cities (
    id,
    country_code, 
    country_name,
    state_code,
    state_name,
    name,
    i18n_key, 
    latitude, 
    longitude
) VALUES (
    31044,
    'DO',
    'Dominican Republic',
    '09',
    'Espaillat',
    'Cayetano Germos칠n',
    'do.espaillat.cayetano_germosen.name',
    19.34285000,
    -70.47573000
);

-- City: Gaspar Hern치ndez
INSERT INTO cities (
    id,
    country_code, 
    country_name,
    state_code,
    state_name,
    name,
    i18n_key, 
    latitude, 
    longitude
) VALUES (
    31075,
    'DO',
    'Dominican Republic',
    '09',
    'Espaillat',
    'Gaspar Hern치ndez',
    'do.espaillat.gaspar_hernandez.name',
    19.62748000,
    -70.27772000
);

-- City: Jamao al Norte
INSERT INTO cities (
    id,
    country_code, 
    country_name,
    state_code,
    state_name,
    name,
    i18n_key, 
    latitude, 
    longitude
) VALUES (
    31089,
    'DO',
    'Dominican Republic',
    '09',
    'Espaillat',
    'Jamao al Norte',
    'do.espaillat.jamao_al_norte.name',
    19.63552000,
    -70.44664000
);

-- City: Joba Arriba
INSERT INTO cities (
    id,
    country_code, 
    country_name,
    state_code,
    state_name,
    name,
    i18n_key, 
    latitude, 
    longitude
) VALUES (
    31095,
    'DO',
    'Dominican Republic',
    '09',
    'Espaillat',
    'Joba Arriba',
    'do.espaillat.joba_arriba.name',
    19.56667000,
    -70.26667000
);

-- City: Juan L칩pez Abajo
INSERT INTO cities (
    id,
    country_code, 
    country_name,
    state_code,
    state_name,
    name,
    i18n_key, 
    latitude, 
    longitude
) VALUES (
    31097,
    'DO',
    'Dominican Republic',
    '09',
    'Espaillat',
    'Juan L칩pez Abajo',
    'do.espaillat.juan_lopez_abajo.name',
    19.43333000,
    -70.50000000
);

-- City: Moca
INSERT INTO cities (
    id,
    country_code, 
    country_name,
    state_code,
    state_name,
    name,
    i18n_key, 
    latitude, 
    longitude
) VALUES (
    31132,
    'DO',
    'Dominican Republic',
    '09',
    'Espaillat',
    'Moca',
    'do.espaillat.moca.name',
    19.50000000,
    -70.50000000
);

-- City: San V칤ctor Arriba
INSERT INTO cities (
    id,
    country_code, 
    country_name,
    state_code,
    state_name,
    name,
    i18n_key, 
    latitude, 
    longitude
) VALUES (
    31193,
    'DO',
    'Dominican Republic',
    '09',
    'Espaillat',
    'San V칤ctor Arriba',
    'do.espaillat.san_victor_arriba.name',
    19.47741000,
    -70.53585000
);

-- City: Veragua Arriba
INSERT INTO cities (
    id,
    country_code, 
    country_name,
    state_code,
    state_name,
    name,
    i18n_key, 
    latitude, 
    longitude
) VALUES (
    31209,
    'DO',
    'Dominican Republic',
    '09',
    'Espaillat',
    'Veragua Arriba',
    'do.espaillat.veragua_arriba.name',
    19.58333000,
    -70.33333000
);


-- State: Hato Mayor
INSERT INTO states (
    id,
    country_code,
    state_code,
    name,
    i18n_key,
    type,
    latitude,
    longitude
) VALUES (
    4106,
    'DO',
    '30',
    'Hato Mayor',
    'do.hato_mayor.name',
    'province',
    18.76357990,
    -69.25576370
);


-- City: El Valle
INSERT INTO cities (
    id,
    country_code, 
    country_name,
    state_code,
    state_name,
    name,
    i18n_key, 
    latitude, 
    longitude
) VALUES (
    31065,
    'DO',
    'Dominican Republic',
    '30',
    'Hato Mayor',
    'El Valle',
    'do.hato_mayor.el_valle.name',
    18.93333000,
    -69.38333000
);

-- City: Guayabo Dulce
INSERT INTO cities (
    id,
    country_code, 
    country_name,
    state_code,
    state_name,
    name,
    i18n_key, 
    latitude, 
    longitude
) VALUES (
    31080,
    'DO',
    'Dominican Republic',
    '30',
    'Hato Mayor',
    'Guayabo Dulce',
    'do.hato_mayor.guayabo_dulce.name',
    18.65000000,
    -69.28333000
);

-- City: Hato Mayor del Rey
INSERT INTO cities (
    id,
    country_code, 
    country_name,
    state_code,
    state_name,
    name,
    i18n_key, 
    latitude, 
    longitude
) VALUES (
    31084,
    'DO',
    'Dominican Republic',
    '30',
    'Hato Mayor',
    'Hato Mayor del Rey',
    'do.hato_mayor.hato_mayor_del_rey.name',
    18.76278000,
    -69.25681000
);

-- City: Sabana de la Mar
INSERT INTO cities (
    id,
    country_code, 
    country_name,
    state_code,
    state_name,
    name,
    i18n_key, 
    latitude, 
    longitude
) VALUES (
    31175,
    'DO',
    'Dominican Republic',
    '30',
    'Hato Mayor',
    'Sabana de la Mar',
    'do.hato_mayor.sabana_de_la_mar.name',
    19.03333000,
    -69.41667000
);


-- State: Hermanas Mirabal
INSERT INTO states (
    id,
    country_code,
    state_code,
    name,
    i18n_key,
    type,
    latitude,
    longitude
) VALUES (
    4089,
    'DO',
    '19',
    'Hermanas Mirabal',
    'do.hermanas_mirabal.name',
    'province',
    19.37475590,
    -70.35132350
);


-- City: Salcedo
INSERT INTO cities (
    id,
    country_code, 
    country_name,
    state_code,
    state_name,
    name,
    i18n_key, 
    latitude, 
    longitude
) VALUES (
    31178,
    'DO',
    'Dominican Republic',
    '19',
    'Hermanas Mirabal',
    'Salcedo',
    'do.hermanas_mirabal.salcedo.name',
    19.41667000,
    -70.38333000
);

-- City: Salsipuedes
INSERT INTO cities (
    id,
    country_code, 
    country_name,
    state_code,
    state_name,
    name,
    i18n_key, 
    latitude, 
    longitude
) VALUES (
    31179,
    'DO',
    'Dominican Republic',
    '19',
    'Hermanas Mirabal',
    'Salsipuedes',
    'do.hermanas_mirabal.salsipuedes.name',
    19.40552000,
    -70.37985000
);

-- City: Tenares
INSERT INTO cities (
    id,
    country_code, 
    country_name,
    state_code,
    state_name,
    name,
    i18n_key, 
    latitude, 
    longitude
) VALUES (
    31205,
    'DO',
    'Dominican Republic',
    '19',
    'Hermanas Mirabal',
    'Tenares',
    'do.hermanas_mirabal.tenares.name',
    19.37439000,
    -70.35087000
);

-- City: Villa Tapia
INSERT INTO cities (
    id,
    country_code, 
    country_name,
    state_code,
    state_name,
    name,
    i18n_key, 
    latitude, 
    longitude
) VALUES (
    31220,
    'DO',
    'Dominican Republic',
    '19',
    'Hermanas Mirabal',
    'Villa Tapia',
    'do.hermanas_mirabal.villa_tapia.name',
    19.30084000,
    -70.42199000
);


-- State: Independencia
INSERT INTO states (
    id,
    country_code,
    state_code,
    name,
    i18n_key,
    type,
    latitude,
    longitude
) VALUES (
    4097,
    'DO',
    '10',
    'Independencia',
    'do.independencia.name',
    'province',
    32.63357480,
    -115.42892940
);


-- City: Crist칩bal
INSERT INTO cities (
    id,
    country_code, 
    country_name,
    state_code,
    state_name,
    name,
    i18n_key, 
    latitude, 
    longitude
) VALUES (
    31052,
    'DO',
    'Dominican Republic',
    '10',
    'Independencia',
    'Crist칩bal',
    'do.independencia.cristobal.name',
    18.29405000,
    -71.29298000
);

-- City: Duverg칠
INSERT INTO cities (
    id,
    country_code, 
    country_name,
    state_code,
    state_name,
    name,
    i18n_key, 
    latitude, 
    longitude
) VALUES (
    31055,
    'DO',
    'Dominican Republic',
    '10',
    'Independencia',
    'Duverg칠',
    'do.independencia.duverge.name',
    18.31634000,
    -71.59451000
);

-- City: Guayabal
INSERT INTO cities (
    id,
    country_code, 
    country_name,
    state_code,
    state_name,
    name,
    i18n_key, 
    latitude, 
    longitude
) VALUES (
    31079,
    'DO',
    'Dominican Republic',
    '10',
    'Independencia',
    'Guayabal',
    'do.independencia.guayabal.name',
    18.59810000,
    -71.64184000
);

-- City: Jiman칤
INSERT INTO cities (
    id,
    country_code, 
    country_name,
    state_code,
    state_name,
    name,
    i18n_key, 
    latitude, 
    longitude
) VALUES (
    31094,
    'DO',
    'Dominican Republic',
    '10',
    'Independencia',
    'Jiman칤',
    'do.independencia.jimani.name',
    18.49169000,
    -71.85022000
);

-- City: La Descubierta
INSERT INTO cities (
    id,
    country_code, 
    country_name,
    state_code,
    state_name,
    name,
    i18n_key, 
    latitude, 
    longitude
) VALUES (
    31105,
    'DO',
    'Dominican Republic',
    '10',
    'Independencia',
    'La Descubierta',
    'do.independencia.la_descubierta.name',
    18.57053000,
    -71.72967000
);

-- City: Mella
INSERT INTO cities (
    id,
    country_code, 
    country_name,
    state_code,
    state_name,
    name,
    i18n_key, 
    latitude, 
    longitude
) VALUES (
    31130,
    'DO',
    'Dominican Republic',
    '10',
    'Independencia',
    'Mella',
    'do.independencia.mella.name',
    18.35871000,
    -71.41716000
);

-- City: Postrer R칤o
INSERT INTO cities (
    id,
    country_code, 
    country_name,
    state_code,
    state_name,
    name,
    i18n_key, 
    latitude, 
    longitude
) VALUES (
    31159,
    'DO',
    'Dominican Republic',
    '10',
    'Independencia',
    'Postrer R칤o',
    'do.independencia.postrer_rio.name',
    18.54374000,
    -71.63561000
);


-- State: La Altagracia
INSERT INTO states (
    id,
    country_code,
    state_code,
    name,
    i18n_key,
    type,
    latitude,
    longitude
) VALUES (
    4109,
    'DO',
    '11',
    'La Altagracia',
    'do.la_altagracia.name',
    'province',
    18.58502360,
    -68.62010720
);


-- City: Boca de Yuma
INSERT INTO cities (
    id,
    country_code, 
    country_name,
    state_code,
    state_name,
    name,
    i18n_key, 
    latitude, 
    longitude
) VALUES (
    31032,
    'DO',
    'Dominican Republic',
    '11',
    'La Altagracia',
    'Boca de Yuma',
    'do.la_altagracia.boca_de_yuma.name',
    18.37825000,
    -68.60900000
);

-- City: Hig칲ey
INSERT INTO cities (
    id,
    country_code, 
    country_name,
    state_code,
    state_name,
    name,
    i18n_key, 
    latitude, 
    longitude
) VALUES (
    31085,
    'DO',
    'Dominican Republic',
    '11',
    'La Altagracia',
    'Hig칲ey',
    'do.la_altagracia.higuey.name',
    18.70000000,
    -68.66667000
);

-- City: Otra Banda
INSERT INTO cities (
    id,
    country_code, 
    country_name,
    state_code,
    state_name,
    name,
    i18n_key, 
    latitude, 
    longitude
) VALUES (
    31140,
    'DO',
    'Dominican Republic',
    '11',
    'La Altagracia',
    'Otra Banda',
    'do.la_altagracia.otra_banda.name',
    18.65017000,
    -68.66281000
);

-- City: Punta Cana
INSERT INTO cities (
    id,
    country_code, 
    country_name,
    state_code,
    state_name,
    name,
    i18n_key, 
    latitude, 
    longitude
) VALUES (
    31162,
    'DO',
    'Dominican Republic',
    '11',
    'La Altagracia',
    'Punta Cana',
    'do.la_altagracia.punta_cana.name',
    18.58182000,
    -68.40431000
);

-- City: Salvale칩n de Hig칲ey
INSERT INTO cities (
    id,
    country_code, 
    country_name,
    state_code,
    state_name,
    name,
    i18n_key, 
    latitude, 
    longitude
) VALUES (
    31180,
    'DO',
    'Dominican Republic',
    '11',
    'La Altagracia',
    'Salvale칩n de Hig칲ey',
    'do.la_altagracia.salvaleon_de_higuey.name',
    18.61501000,
    -68.70798000
);

-- City: San Rafael del Yuma
INSERT INTO cities (
    id,
    country_code, 
    country_name,
    state_code,
    state_name,
    name,
    i18n_key, 
    latitude, 
    longitude
) VALUES (
    31192,
    'DO',
    'Dominican Republic',
    '11',
    'La Altagracia',
    'San Rafael del Yuma',
    'do.la_altagracia.san_rafael_del_yuma.name',
    18.42993000,
    -68.67390000
);


-- State: La Romana
INSERT INTO states (
    id,
    country_code,
    state_code,
    name,
    i18n_key,
    type,
    latitude,
    longitude
) VALUES (
    4087,
    'DO',
    '12',
    'La Romana',
    'do.la_romana.name',
    'province',
    18.43102710,
    -68.98373730
);


-- City: Guaymate
INSERT INTO cities (
    id,
    country_code, 
    country_name,
    state_code,
    state_name,
    name,
    i18n_key, 
    latitude, 
    longitude
) VALUES (
    31081,
    'DO',
    'Dominican Republic',
    '12',
    'La Romana',
    'Guaymate',
    'do.la_romana.guaymate.name',
    18.58793000,
    -68.97867000
);

-- City: La Romana
INSERT INTO cities (
    id,
    country_code, 
    country_name,
    state_code,
    state_name,
    name,
    i18n_key, 
    latitude, 
    longitude
) VALUES (
    31108,
    'DO',
    'Dominican Republic',
    '12',
    'La Romana',
    'La Romana',
    'do.la_romana.la_romana.name',
    18.42733000,
    -68.97285000
);


-- State: La Vega
INSERT INTO states (
    id,
    country_code,
    state_code,
    name,
    i18n_key,
    type,
    latitude,
    longitude
) VALUES (
    4116,
    'DO',
    '13',
    'La Vega',
    'do.la_vega.name',
    'province',
    19.22115540,
    -70.52887530
);


-- City: Concepci칩n de La Vega
INSERT INTO cities (
    id,
    country_code, 
    country_name,
    state_code,
    state_name,
    name,
    i18n_key, 
    latitude, 
    longitude
) VALUES (
    31048,
    'DO',
    'Dominican Republic',
    '13',
    'La Vega',
    'Concepci칩n de La Vega',
    'do.la_vega.concepcion_de_la_vega.name',
    19.22207000,
    -70.52956000
);

-- City: Constanza
INSERT INTO cities (
    id,
    country_code, 
    country_name,
    state_code,
    state_name,
    name,
    i18n_key, 
    latitude, 
    longitude
) VALUES (
    31049,
    'DO',
    'Dominican Republic',
    '13',
    'La Vega',
    'Constanza',
    'do.la_vega.constanza.name',
    18.90919000,
    -70.74499000
);

-- City: Jarabacoa
INSERT INTO cities (
    id,
    country_code, 
    country_name,
    state_code,
    state_name,
    name,
    i18n_key, 
    latitude, 
    longitude
) VALUES (
    31091,
    'DO',
    'Dominican Republic',
    '13',
    'La Vega',
    'Jarabacoa',
    'do.la_vega.jarabacoa.name',
    19.11683000,
    -70.63595000
);

-- City: Jima Abajo
INSERT INTO cities (
    id,
    country_code, 
    country_name,
    state_code,
    state_name,
    name,
    i18n_key, 
    latitude, 
    longitude
) VALUES (
    31093,
    'DO',
    'Dominican Republic',
    '13',
    'La Vega',
    'Jima Abajo',
    'do.la_vega.jima_abajo.name',
    19.13292000,
    -70.37607000
);

-- City: Rinc칩n
INSERT INTO cities (
    id,
    country_code, 
    country_name,
    state_code,
    state_name,
    name,
    i18n_key, 
    latitude, 
    longitude
) VALUES (
    31166,
    'DO',
    'Dominican Republic',
    '13',
    'La Vega',
    'Rinc칩n',
    'do.la_vega.rincon.name',
    19.11938000,
    -70.40632000
);

-- City: R칤o Verde Arriba
INSERT INTO cities (
    id,
    country_code, 
    country_name,
    state_code,
    state_name,
    name,
    i18n_key, 
    latitude, 
    longitude
) VALUES (
    31169,
    'DO',
    'Dominican Republic',
    '13',
    'La Vega',
    'R칤o Verde Arriba',
    'do.la_vega.rio_verde_arriba.name',
    19.31583000,
    -70.56643000
);

-- City: Tireo Arriba
INSERT INTO cities (
    id,
    country_code, 
    country_name,
    state_code,
    state_name,
    name,
    i18n_key, 
    latitude, 
    longitude
) VALUES (
    31206,
    'DO',
    'Dominican Republic',
    '13',
    'La Vega',
    'Tireo Arriba',
    'do.la_vega.tireo_arriba.name',
    18.93537000,
    -70.68850000
);


-- State: Mar칤a Trinidad S치nchez
INSERT INTO states (
    id,
    country_code,
    state_code,
    name,
    i18n_key,
    type,
    latitude,
    longitude
) VALUES (
    4094,
    'DO',
    '14',
    'Mar칤a Trinidad S치nchez',
    'do.maria_trinidad_sanchez.name',
    'province',
    19.37345970,
    -69.85144390
);


-- City: Arroyo Salado
INSERT INTO cities (
    id,
    country_code, 
    country_name,
    state_code,
    state_name,
    name,
    i18n_key, 
    latitude, 
    longitude
) VALUES (
    31023,
    'DO',
    'Dominican Republic',
    '14',
    'Mar칤a Trinidad S치nchez',
    'Arroyo Salado',
    'do.maria_trinidad_sanchez.arroyo_salado.name',
    19.50000000,
    -69.90000000
);

-- City: Cabrera
INSERT INTO cities (
    id,
    country_code, 
    country_name,
    state_code,
    state_name,
    name,
    i18n_key, 
    latitude, 
    longitude
) VALUES (
    31037,
    'DO',
    'Dominican Republic',
    '14',
    'Mar칤a Trinidad S치nchez',
    'Cabrera',
    'do.maria_trinidad_sanchez.cabrera.name',
    19.64260000,
    -69.90489000
);

-- City: El Factor
INSERT INTO cities (
    id,
    country_code, 
    country_name,
    state_code,
    state_name,
    name,
    i18n_key, 
    latitude, 
    longitude
) VALUES (
    31059,
    'DO',
    'Dominican Republic',
    '14',
    'Mar칤a Trinidad S치nchez',
    'El Factor',
    'do.maria_trinidad_sanchez.el_factor.name',
    19.31834000,
    -69.88827000
);

-- City: La Entrada
INSERT INTO cities (
    id,
    country_code, 
    country_name,
    state_code,
    state_name,
    name,
    i18n_key, 
    latitude, 
    longitude
) VALUES (
    31106,
    'DO',
    'Dominican Republic',
    '14',
    'Mar칤a Trinidad S치nchez',
    'La Entrada',
    'do.maria_trinidad_sanchez.la_entrada.name',
    19.55367000,
    -69.90762000
);

-- City: Nagua
INSERT INTO cities (
    id,
    country_code, 
    country_name,
    state_code,
    state_name,
    name,
    i18n_key, 
    latitude, 
    longitude
) VALUES (
    31137,
    'DO',
    'Dominican Republic',
    '14',
    'Mar칤a Trinidad S치nchez',
    'Nagua',
    'do.maria_trinidad_sanchez.nagua.name',
    19.38320000,
    -69.84740000
);

-- City: R칤o San Juan
INSERT INTO cities (
    id,
    country_code, 
    country_name,
    state_code,
    state_name,
    name,
    i18n_key, 
    latitude, 
    longitude
) VALUES (
    31168,
    'DO',
    'Dominican Republic',
    '14',
    'Mar칤a Trinidad S치nchez',
    'R칤o San Juan',
    'do.maria_trinidad_sanchez.rio_san_juan.name',
    19.55022000,
    -70.07703000
);


-- State: Monse침or Nouel
INSERT INTO states (
    id,
    country_code,
    state_code,
    name,
    i18n_key,
    type,
    latitude,
    longitude
) VALUES (
    4099,
    'DO',
    '28',
    'Monse침or Nouel',
    'do.monsenor_nouel.name',
    'province',
    18.92152340,
    -70.38368150
);


-- City: Bonao
INSERT INTO cities (
    id,
    country_code, 
    country_name,
    state_code,
    state_name,
    name,
    i18n_key, 
    latitude, 
    longitude
) VALUES (
    31034,
    'DO',
    'Dominican Republic',
    '28',
    'Monse침or Nouel',
    'Bonao',
    'do.monsenor_nouel.bonao.name',
    18.91667000,
    -70.46667000
);

-- City: Juan Adri치n
INSERT INTO cities (
    id,
    country_code, 
    country_name,
    state_code,
    state_name,
    name,
    i18n_key, 
    latitude, 
    longitude
) VALUES (
    31096,
    'DO',
    'Dominican Republic',
    '28',
    'Monse침or Nouel',
    'Juan Adri치n',
    'do.monsenor_nouel.juan_adrian.name',
    18.76365000,
    -70.33732000
);

-- City: Maim칩n
INSERT INTO cities (
    id,
    country_code, 
    country_name,
    state_code,
    state_name,
    name,
    i18n_key, 
    latitude, 
    longitude
) VALUES (
    31124,
    'DO',
    'Dominican Republic',
    '28',
    'Monse침or Nouel',
    'Maim칩n',
    'do.monsenor_nouel.maimon.name',
    18.88333000,
    -70.30000000
);

-- City: Piedra Blanca
INSERT INTO cities (
    id,
    country_code, 
    country_name,
    state_code,
    state_name,
    name,
    i18n_key, 
    latitude, 
    longitude
) VALUES (
    31155,
    'DO',
    'Dominican Republic',
    '28',
    'Monse침or Nouel',
    'Piedra Blanca',
    'do.monsenor_nouel.piedra_blanca.name',
    18.84431000,
    -70.31688000
);

-- City: Sabana del Puerto
INSERT INTO cities (
    id,
    country_code, 
    country_name,
    state_code,
    state_name,
    name,
    i18n_key, 
    latitude, 
    longitude
) VALUES (
    31176,
    'DO',
    'Dominican Republic',
    '28',
    'Monse침or Nouel',
    'Sabana del Puerto',
    'do.monsenor_nouel.sabana_del_puerto.name',
    19.06667000,
    -70.41667000
);


-- State: Monte Cristi
INSERT INTO states (
    id,
    country_code,
    state_code,
    name,
    i18n_key,
    type,
    latitude,
    longitude
) VALUES (
    4115,
    'DO',
    '15',
    'Monte Cristi',
    'do.monte_cristi.name',
    'province',
    19.73968990,
    -71.44339840
);


-- City: Cana Chapet칩n
INSERT INTO cities (
    id,
    country_code, 
    country_name,
    state_code,
    state_name,
    name,
    i18n_key, 
    latitude, 
    longitude
) VALUES (
    31040,
    'DO',
    'Dominican Republic',
    '15',
    'Monte Cristi',
    'Cana Chapet칩n',
    'do.monte_cristi.cana_chapeton.name',
    19.60703000,
    -71.25734000
);

-- City: Casta침uelas
INSERT INTO cities (
    id,
    country_code, 
    country_name,
    state_code,
    state_name,
    name,
    i18n_key, 
    latitude, 
    longitude
) VALUES (
    31042,
    'DO',
    'Dominican Republic',
    '15',
    'Monte Cristi',
    'Casta침uelas',
    'do.monte_cristi.castanuelas.name',
    19.71387000,
    -71.49876000
);

-- City: Guayub칤n
INSERT INTO cities (
    id,
    country_code, 
    country_name,
    state_code,
    state_name,
    name,
    i18n_key, 
    latitude, 
    longitude
) VALUES (
    31082,
    'DO',
    'Dominican Republic',
    '15',
    'Monte Cristi',
    'Guayub칤n',
    'do.monte_cristi.guayubin.name',
    19.61667000,
    -71.33333000
);

-- City: Hatillo Palma
INSERT INTO cities (
    id,
    country_code, 
    country_name,
    state_code,
    state_name,
    name,
    i18n_key, 
    latitude, 
    longitude
) VALUES (
    31083,
    'DO',
    'Dominican Republic',
    '15',
    'Monte Cristi',
    'Hatillo Palma',
    'do.monte_cristi.hatillo_palma.name',
    19.66256000,
    -71.19406000
);

-- City: Las Matas de Santa Cruz
INSERT INTO cities (
    id,
    country_code, 
    country_name,
    state_code,
    state_name,
    name,
    i18n_key, 
    latitude, 
    longitude
) VALUES (
    31114,
    'DO',
    'Dominican Republic',
    '15',
    'Monte Cristi',
    'Las Matas de Santa Cruz',
    'do.monte_cristi.las_matas_de_santa_cruz.name',
    19.67119000,
    -71.50471000
);

-- City: Monte Cristi
INSERT INTO cities (
    id,
    country_code, 
    country_name,
    state_code,
    state_name,
    name,
    i18n_key, 
    latitude, 
    longitude
) VALUES (
    31134,
    'DO',
    'Dominican Republic',
    '15',
    'Monte Cristi',
    'Monte Cristi',
    'do.monte_cristi.monte_cristi.name',
    19.83333000,
    -71.61667000
);

-- City: Pepillo Salcedo
INSERT INTO cities (
    id,
    country_code, 
    country_name,
    state_code,
    state_name,
    name,
    i18n_key, 
    latitude, 
    longitude
) VALUES (
    31152,
    'DO',
    'Dominican Republic',
    '15',
    'Monte Cristi',
    'Pepillo Salcedo',
    'do.monte_cristi.pepillo_salcedo.name',
    19.66667000,
    -71.66667000
);

-- City: San Fernando de Monte Cristi
INSERT INTO cities (
    id,
    country_code, 
    country_name,
    state_code,
    state_name,
    name,
    i18n_key, 
    latitude, 
    longitude
) VALUES (
    31184,
    'DO',
    'Dominican Republic',
    '15',
    'Monte Cristi',
    'San Fernando de Monte Cristi',
    'do.monte_cristi.san_fernando_de_monte_cristi.name',
    19.84826000,
    -71.64597000
);

-- City: Villa Elisa
INSERT INTO cities (
    id,
    country_code, 
    country_name,
    state_code,
    state_name,
    name,
    i18n_key, 
    latitude, 
    longitude
) VALUES (
    31214,
    'DO',
    'Dominican Republic',
    '15',
    'Monte Cristi',
    'Villa Elisa',
    'do.monte_cristi.villa_elisa.name',
    19.68560000,
    -71.27007000
);

-- City: Villa V치squez
INSERT INTO cities (
    id,
    country_code, 
    country_name,
    state_code,
    state_name,
    name,
    i18n_key, 
    latitude, 
    longitude
) VALUES (
    31221,
    'DO',
    'Dominican Republic',
    '15',
    'Monte Cristi',
    'Villa V치squez',
    'do.monte_cristi.villa_vasquez.name',
    19.80791000,
    -71.44000000
);


-- State: Monte Plata
INSERT INTO states (
    id,
    country_code,
    state_code,
    name,
    i18n_key,
    type,
    latitude,
    longitude
) VALUES (
    4111,
    'DO',
    '29',
    'Monte Plata',
    'do.monte_plata.name',
    'province',
    18.80808780,
    -69.78691460
);


-- City: Bayaguana
INSERT INTO cities (
    id,
    country_code, 
    country_name,
    state_code,
    state_name,
    name,
    i18n_key, 
    latitude, 
    longitude
) VALUES (
    31028,
    'DO',
    'Dominican Republic',
    '29',
    'Monte Plata',
    'Bayaguana',
    'do.monte_plata.bayaguana.name',
    18.78333000,
    -69.60000000
);

-- City: Don Juan
INSERT INTO cities (
    id,
    country_code, 
    country_name,
    state_code,
    state_name,
    name,
    i18n_key, 
    latitude, 
    longitude
) VALUES (
    31054,
    'DO',
    'Dominican Republic',
    '29',
    'Monte Plata',
    'Don Juan',
    'do.monte_plata.don_juan.name',
    18.82774000,
    -69.94629000
);

-- City: Esperalvillo
INSERT INTO cities (
    id,
    country_code, 
    country_name,
    state_code,
    state_name,
    name,
    i18n_key, 
    latitude, 
    longitude
) VALUES (
    31068,
    'DO',
    'Dominican Republic',
    '29',
    'Monte Plata',
    'Esperalvillo',
    'do.monte_plata.esperalvillo.name',
    18.81509000,
    -70.03557000
);

-- City: Gonzalo
INSERT INTO cities (
    id,
    country_code, 
    country_name,
    state_code,
    state_name,
    name,
    i18n_key, 
    latitude, 
    longitude
) VALUES (
    31076,
    'DO',
    'Dominican Republic',
    '29',
    'Monte Plata',
    'Gonzalo',
    'do.monte_plata.gonzalo.name',
    18.95147000,
    -69.75114000
);

-- City: Los Botados
INSERT INTO cities (
    id,
    country_code, 
    country_name,
    state_code,
    state_name,
    name,
    i18n_key, 
    latitude, 
    longitude
) VALUES (
    31119,
    'DO',
    'Dominican Republic',
    '29',
    'Monte Plata',
    'Los Botados',
    'do.monte_plata.los_botados.name',
    18.73226000,
    -69.99536000
);

-- City: Majagual
INSERT INTO cities (
    id,
    country_code, 
    country_name,
    state_code,
    state_name,
    name,
    i18n_key, 
    latitude, 
    longitude
) VALUES (
    31126,
    'DO',
    'Dominican Republic',
    '29',
    'Monte Plata',
    'Majagual',
    'do.monte_plata.majagual.name',
    19.04134000,
    -69.83616000
);

-- City: Monte Plata
INSERT INTO cities (
    id,
    country_code, 
    country_name,
    state_code,
    state_name,
    name,
    i18n_key, 
    latitude, 
    longitude
) VALUES (
    31136,
    'DO',
    'Dominican Republic',
    '29',
    'Monte Plata',
    'Monte Plata',
    'do.monte_plata.monte_plata.name',
    18.80700000,
    -69.78399000
);

-- City: Sabana Grande de Boy치
INSERT INTO cities (
    id,
    country_code, 
    country_name,
    state_code,
    state_name,
    name,
    i18n_key, 
    latitude, 
    longitude
) VALUES (
    31171,
    'DO',
    'Dominican Republic',
    '29',
    'Monte Plata',
    'Sabana Grande de Boy치',
    'do.monte_plata.sabana_grande_de_boya.name',
    18.94498000,
    -69.79331000
);

-- City: Yamas치
INSERT INTO cities (
    id,
    country_code, 
    country_name,
    state_code,
    state_name,
    name,
    i18n_key, 
    latitude, 
    longitude
) VALUES (
    31224,
    'DO',
    'Dominican Republic',
    '29',
    'Monte Plata',
    'Yamas치',
    'do.monte_plata.yamasa.name',
    18.77315000,
    -70.02583000
);


-- State: Pedernales
INSERT INTO states (
    id,
    country_code,
    state_code,
    name,
    i18n_key,
    type,
    latitude,
    longitude
) VALUES (
    4101,
    'DO',
    '16',
    'Pedernales',
    'do.pedernales.name',
    'province',
    17.85376260,
    -71.33032090
);


-- City: Juancho
INSERT INTO cities (
    id,
    country_code, 
    country_name,
    state_code,
    state_name,
    name,
    i18n_key, 
    latitude, 
    longitude
) VALUES (
    31099,
    'DO',
    'Dominican Republic',
    '16',
    'Pedernales',
    'Juancho',
    'do.pedernales.juancho.name',
    17.85782000,
    -71.29311000
);

-- City: Oviedo
INSERT INTO cities (
    id,
    country_code, 
    country_name,
    state_code,
    state_name,
    name,
    i18n_key, 
    latitude, 
    longitude
) VALUES (
    31141,
    'DO',
    'Dominican Republic',
    '16',
    'Pedernales',
    'Oviedo',
    'do.pedernales.oviedo.name',
    17.80136000,
    -71.40100000
);

-- City: Pedernales
INSERT INTO cities (
    id,
    country_code, 
    country_name,
    state_code,
    state_name,
    name,
    i18n_key, 
    latitude, 
    longitude
) VALUES (
    31148,
    'DO',
    'Dominican Republic',
    '16',
    'Pedernales',
    'Pedernales',
    'do.pedernales.pedernales.name',
    18.08333000,
    -71.60000000
);


-- State: Peravia
INSERT INTO states (
    id,
    country_code,
    state_code,
    name,
    i18n_key,
    type,
    latitude,
    longitude
) VALUES (
    4096,
    'DO',
    '17',
    'Peravia',
    'do.peravia.name',
    'province',
    18.27865940,
    -70.33358870
);


-- City: Ban칤
INSERT INTO cities (
    id,
    country_code, 
    country_name,
    state_code,
    state_name,
    name,
    i18n_key, 
    latitude, 
    longitude
) VALUES (
    31027,
    'DO',
    'Dominican Republic',
    '17',
    'Peravia',
    'Ban칤',
    'do.peravia.bani.name',
    18.27964000,
    -70.33185000
);

-- City: Matanzas
INSERT INTO cities (
    id,
    country_code, 
    country_name,
    state_code,
    state_name,
    name,
    i18n_key, 
    latitude, 
    longitude
) VALUES (
    31128,
    'DO',
    'Dominican Republic',
    '17',
    'Peravia',
    'Matanzas',
    'do.peravia.matanzas.name',
    18.24297000,
    -70.41768000
);

-- City: Nizao
INSERT INTO cities (
    id,
    country_code, 
    country_name,
    state_code,
    state_name,
    name,
    i18n_key, 
    latitude, 
    longitude
) VALUES (
    31139,
    'DO',
    'Dominican Republic',
    '17',
    'Peravia',
    'Nizao',
    'do.peravia.nizao.name',
    18.24697000,
    -70.21053000
);

-- City: Paya
INSERT INTO cities (
    id,
    country_code, 
    country_name,
    state_code,
    state_name,
    name,
    i18n_key, 
    latitude, 
    longitude
) VALUES (
    31147,
    'DO',
    'Dominican Republic',
    '17',
    'Peravia',
    'Paya',
    'do.peravia.paya.name',
    18.26196000,
    -70.29560000
);

-- City: Pizarrete
INSERT INTO cities (
    id,
    country_code, 
    country_name,
    state_code,
    state_name,
    name,
    i18n_key, 
    latitude, 
    longitude
) VALUES (
    31157,
    'DO',
    'Dominican Republic',
    '17',
    'Peravia',
    'Pizarrete',
    'do.peravia.pizarrete.name',
    18.29935000,
    -70.22648000
);

-- City: Sabana Buey
INSERT INTO cities (
    id,
    country_code, 
    country_name,
    state_code,
    state_name,
    name,
    i18n_key, 
    latitude, 
    longitude
) VALUES (
    31170,
    'DO',
    'Dominican Republic',
    '17',
    'Peravia',
    'Sabana Buey',
    'do.peravia.sabana_buey.name',
    18.27351000,
    -70.52352000
);


-- State: Puerto Plata
INSERT INTO states (
    id,
    country_code,
    state_code,
    name,
    i18n_key,
    type,
    latitude,
    longitude
) VALUES (
    4092,
    'DO',
    '18',
    'Puerto Plata',
    'do.puerto_plata.name',
    'province',
    19.75432250,
    -70.83328470
);


-- City: Altamira
INSERT INTO cities (
    id,
    country_code, 
    country_name,
    state_code,
    state_name,
    name,
    i18n_key, 
    latitude, 
    longitude
) VALUES (
    31020,
    'DO',
    'Dominican Republic',
    '18',
    'Puerto Plata',
    'Altamira',
    'do.puerto_plata.altamira.name',
    19.70000000,
    -70.83333000
);

-- City: Cabarete
INSERT INTO cities (
    id,
    country_code, 
    country_name,
    state_code,
    state_name,
    name,
    i18n_key, 
    latitude, 
    longitude
) VALUES (
    31035,
    'DO',
    'Dominican Republic',
    '18',
    'Puerto Plata',
    'Cabarete',
    'do.puerto_plata.cabarete.name',
    19.74982000,
    -70.40829000
);

-- City: Estero Hondo
INSERT INTO cities (
    id,
    country_code, 
    country_name,
    state_code,
    state_name,
    name,
    i18n_key, 
    latitude, 
    longitude
) VALUES (
    31071,
    'DO',
    'Dominican Republic',
    '18',
    'Puerto Plata',
    'Estero Hondo',
    'do.puerto_plata.estero_hondo.name',
    19.82712000,
    -71.17411000
);

-- City: Guananico
INSERT INTO cities (
    id,
    country_code, 
    country_name,
    state_code,
    state_name,
    name,
    i18n_key, 
    latitude, 
    longitude
) VALUES (
    31077,
    'DO',
    'Dominican Republic',
    '18',
    'Puerto Plata',
    'Guananico',
    'do.puerto_plata.guananico.name',
    19.72693000,
    -70.92294000
);

-- City: Imbert
INSERT INTO cities (
    id,
    country_code, 
    country_name,
    state_code,
    state_name,
    name,
    i18n_key, 
    latitude, 
    longitude
) VALUES (
    31087,
    'DO',
    'Dominican Republic',
    '18',
    'Puerto Plata',
    'Imbert',
    'do.puerto_plata.imbert.name',
    19.75371000,
    -70.82906000
);

-- City: Los Hidalgos
INSERT INTO cities (
    id,
    country_code, 
    country_name,
    state_code,
    state_name,
    name,
    i18n_key, 
    latitude, 
    longitude
) VALUES (
    31120,
    'DO',
    'Dominican Republic',
    '18',
    'Puerto Plata',
    'Los Hidalgos',
    'do.puerto_plata.los_hidalgos.name',
    19.73333000,
    -71.03333000
);

-- City: Luper칩n
INSERT INTO cities (
    id,
    country_code, 
    country_name,
    state_code,
    state_name,
    name,
    i18n_key, 
    latitude, 
    longitude
) VALUES (
    31123,
    'DO',
    'Dominican Republic',
    '18',
    'Puerto Plata',
    'Luper칩n',
    'do.puerto_plata.luperon.name',
    19.89131000,
    -70.96204000
);

-- City: Monte Llano
INSERT INTO cities (
    id,
    country_code, 
    country_name,
    state_code,
    state_name,
    name,
    i18n_key, 
    latitude, 
    longitude
) VALUES (
    31135,
    'DO',
    'Dominican Republic',
    '18',
    'Puerto Plata',
    'Monte Llano',
    'do.puerto_plata.monte_llano.name',
    19.73460000,
    -70.59915000
);

-- City: Puerto Plata
INSERT INTO cities (
    id,
    country_code, 
    country_name,
    state_code,
    state_name,
    name,
    i18n_key, 
    latitude, 
    longitude
) VALUES (
    31161,
    'DO',
    'Dominican Republic',
    '18',
    'Puerto Plata',
    'Puerto Plata',
    'do.puerto_plata.puerto_plata.name',
    19.75119000,
    -70.70251000
);

-- City: R칤o Grande
INSERT INTO cities (
    id,
    country_code, 
    country_name,
    state_code,
    state_name,
    name,
    i18n_key, 
    latitude, 
    longitude
) VALUES (
    31167,
    'DO',
    'Dominican Republic',
    '18',
    'Puerto Plata',
    'R칤o Grande',
    'do.puerto_plata.rio_grande.name',
    19.66667000,
    -70.76667000
);

-- City: Sos칰a
INSERT INTO cities (
    id,
    country_code, 
    country_name,
    state_code,
    state_name,
    name,
    i18n_key, 
    latitude, 
    longitude
) VALUES (
    31201,
    'DO',
    'Dominican Republic',
    '18',
    'Puerto Plata',
    'Sos칰a',
    'do.puerto_plata.sosua.name',
    19.75220000,
    -70.51995000
);

-- City: Villa Isabela
INSERT INTO cities (
    id,
    country_code, 
    country_name,
    state_code,
    state_name,
    name,
    i18n_key, 
    latitude, 
    longitude
) VALUES (
    31217,
    'DO',
    'Dominican Republic',
    '18',
    'Puerto Plata',
    'Villa Isabela',
    'do.puerto_plata.villa_isabela.name',
    19.81564000,
    -71.06056000
);


-- State: Saman치
INSERT INTO states (
    id,
    country_code,
    state_code,
    name,
    i18n_key,
    type,
    latitude,
    longitude
) VALUES (
    4103,
    'DO',
    '20',
    'Saman치',
    'do.samana.name',
    'province',
    19.20583710,
    -69.33629490
);


-- City: Las Terrenas
INSERT INTO cities (
    id,
    country_code, 
    country_name,
    state_code,
    state_name,
    name,
    i18n_key, 
    latitude, 
    longitude
) VALUES (
    31116,
    'DO',
    'Dominican Republic',
    '20',
    'Saman치',
    'Las Terrenas',
    'do.samana.las_terrenas.name',
    19.31102000,
    -69.54280000
);

-- City: Saman치
INSERT INTO cities (
    id,
    country_code, 
    country_name,
    state_code,
    state_name,
    name,
    i18n_key, 
    latitude, 
    longitude
) VALUES (
    31181,
    'DO',
    'Dominican Republic',
    '20',
    'Saman치',
    'Saman치',
    'do.samana.samana.name',
    19.20561000,
    -69.33685000
);

-- City: S치nchez
INSERT INTO cities (
    id,
    country_code, 
    country_name,
    state_code,
    state_name,
    name,
    i18n_key, 
    latitude, 
    longitude
) VALUES (
    31202,
    'DO',
    'Dominican Republic',
    '20',
    'Saman치',
    'S치nchez',
    'do.samana.sanchez.name',
    19.22810000,
    -69.61370000
);


-- State: San Crist칩bal
INSERT INTO states (
    id,
    country_code,
    state_code,
    name,
    i18n_key,
    type,
    latitude,
    longitude
) VALUES (
    4091,
    'DO',
    '21',
    'San Crist칩bal',
    'do.san_cristobal.name',
    'province',
    18.41804140,
    -70.10658490
);


-- City: Bajos de Haina
INSERT INTO cities (
    id,
    country_code, 
    country_name,
    state_code,
    state_name,
    name,
    i18n_key, 
    latitude, 
    longitude
) VALUES (
    31026,
    'DO',
    'Dominican Republic',
    '21',
    'San Crist칩bal',
    'Bajos de Haina',
    'do.san_cristobal.bajos_de_haina.name',
    18.41667000,
    -70.03333000
);

-- City: Cambita Garabitos
INSERT INTO cities (
    id,
    country_code, 
    country_name,
    state_code,
    state_name,
    name,
    i18n_key, 
    latitude, 
    longitude
) VALUES (
    31039,
    'DO',
    'Dominican Republic',
    '21',
    'San Crist칩bal',
    'Cambita Garabitos',
    'do.san_cristobal.cambita_garabitos.name',
    18.50000000,
    -70.23333000
);

-- City: El Cacao
INSERT INTO cities (
    id,
    country_code, 
    country_name,
    state_code,
    state_name,
    name,
    i18n_key, 
    latitude, 
    longitude
) VALUES (
    31056,
    'DO',
    'Dominican Republic',
    '21',
    'San Crist칩bal',
    'El Cacao',
    'do.san_cristobal.el_cacao.name',
    18.52719000,
    -70.29585000
);

-- City: El Carril
INSERT INTO cities (
    id,
    country_code, 
    country_name,
    state_code,
    state_name,
    name,
    i18n_key, 
    latitude, 
    longitude
) VALUES (
    31057,
    'DO',
    'Dominican Republic',
    '21',
    'San Crist칩bal',
    'El Carril',
    'do.san_cristobal.el_carril.name',
    18.44905000,
    -70.02785000
);

-- City: Sabana Grande de Palenque
INSERT INTO cities (
    id,
    country_code, 
    country_name,
    state_code,
    state_name,
    name,
    i18n_key, 
    latitude, 
    longitude
) VALUES (
    31172,
    'DO',
    'Dominican Republic',
    '21',
    'San Crist칩bal',
    'Sabana Grande de Palenque',
    'do.san_cristobal.sabana_grande_de_palenque.name',
    18.26256000,
    -70.14821000
);

-- City: San Crist칩bal
INSERT INTO cities (
    id,
    country_code, 
    country_name,
    state_code,
    state_name,
    name,
    i18n_key, 
    latitude, 
    longitude
) VALUES (
    31183,
    'DO',
    'Dominican Republic',
    '21',
    'San Crist칩bal',
    'San Crist칩bal',
    'do.san_cristobal.san_cristobal.name',
    18.41667000,
    -70.13333000
);

-- City: San Gregorio de Nigua
INSERT INTO cities (
    id,
    country_code, 
    country_name,
    state_code,
    state_name,
    name,
    i18n_key, 
    latitude, 
    longitude
) VALUES (
    31186,
    'DO',
    'Dominican Republic',
    '21',
    'San Crist칩bal',
    'San Gregorio de Nigua',
    'do.san_cristobal.san_gregorio_de_nigua.name',
    18.38333000,
    -70.08333000
);

-- City: Villa Altagracia
INSERT INTO cities (
    id,
    country_code, 
    country_name,
    state_code,
    state_name,
    name,
    i18n_key, 
    latitude, 
    longitude
) VALUES (
    31211,
    'DO',
    'Dominican Republic',
    '21',
    'San Crist칩bal',
    'Villa Altagracia',
    'do.san_cristobal.villa_altagracia.name',
    18.63333000,
    -70.25000000
);

-- City: Yaguate
INSERT INTO cities (
    id,
    country_code, 
    country_name,
    state_code,
    state_name,
    name,
    i18n_key, 
    latitude, 
    longitude
) VALUES (
    31223,
    'DO',
    'Dominican Republic',
    '21',
    'San Crist칩bal',
    'Yaguate',
    'do.san_cristobal.yaguate.name',
    18.33333000,
    -70.18333000
);


-- State: San Jos칠 de Ocoa
INSERT INTO states (
    id,
    country_code,
    state_code,
    name,
    i18n_key,
    type,
    latitude,
    longitude
) VALUES (
    4112,
    'DO',
    '31',
    'San Jos칠 de Ocoa',
    'do.san_jose_de_ocoa.name',
    'province',
    18.54385800,
    -70.50418160
);


-- City: San Jos칠 de Ocoa
INSERT INTO cities (
    id,
    country_code, 
    country_name,
    state_code,
    state_name,
    name,
    i18n_key, 
    latitude, 
    longitude
) VALUES (
    31189,
    'DO',
    'Dominican Republic',
    '31',
    'San Jos칠 de Ocoa',
    'San Jos칠 de Ocoa',
    'do.san_jose_de_ocoa.san_jose_de_ocoa.name',
    18.54661000,
    -70.50631000
);


-- State: San Juan
INSERT INTO states (
    id,
    country_code,
    state_code,
    name,
    i18n_key,
    type,
    latitude,
    longitude
) VALUES (
    4098,
    'DO',
    '22',
    'San Juan',
    'do.san_juan.name',
    'province',
    -31.52871270,
    -68.53604030
);


-- City: Bohech칤o
INSERT INTO cities (
    id,
    country_code, 
    country_name,
    state_code,
    state_name,
    name,
    i18n_key, 
    latitude, 
    longitude
) VALUES (
    31033,
    'DO',
    'Dominican Republic',
    '22',
    'San Juan',
    'Bohech칤o',
    'do.san_juan.bohechio.name',
    18.77515000,
    -70.98889000
);

-- City: Cercado Abajo
INSERT INTO cities (
    id,
    country_code, 
    country_name,
    state_code,
    state_name,
    name,
    i18n_key, 
    latitude, 
    longitude
) VALUES (
    31045,
    'DO',
    'Dominican Republic',
    '22',
    'San Juan',
    'Cercado Abajo',
    'do.san_juan.cercado_abajo.name',
    18.72681000,
    -71.51742000
);

-- City: El Cercado
INSERT INTO cities (
    id,
    country_code, 
    country_name,
    state_code,
    state_name,
    name,
    i18n_key, 
    latitude, 
    longitude
) VALUES (
    31058,
    'DO',
    'Dominican Republic',
    '22',
    'San Juan',
    'El Cercado',
    'do.san_juan.el_cercado.name',
    18.70000000,
    -71.46667000
);

-- City: Juan de Herrera
INSERT INTO cities (
    id,
    country_code, 
    country_name,
    state_code,
    state_name,
    name,
    i18n_key, 
    latitude, 
    longitude
) VALUES (
    31098,
    'DO',
    'Dominican Republic',
    '22',
    'San Juan',
    'Juan de Herrera',
    'do.san_juan.juan_de_herrera.name',
    18.87402000,
    -71.23830000
);

-- City: Las Matas de Farf치n
INSERT INTO cities (
    id,
    country_code, 
    country_name,
    state_code,
    state_name,
    name,
    i18n_key, 
    latitude, 
    longitude
) VALUES (
    31113,
    'DO',
    'Dominican Republic',
    '22',
    'San Juan',
    'Las Matas de Farf치n',
    'do.san_juan.las_matas_de_farfan.name',
    18.91667000,
    -71.50000000
);

-- City: Matayaya
INSERT INTO cities (
    id,
    country_code, 
    country_name,
    state_code,
    state_name,
    name,
    i18n_key, 
    latitude, 
    longitude
) VALUES (
    31129,
    'DO',
    'Dominican Republic',
    '22',
    'San Juan',
    'Matayaya',
    'do.san_juan.matayaya.name',
    18.89036000,
    -71.59459000
);

-- City: Pedro Corto
INSERT INTO cities (
    id,
    country_code, 
    country_name,
    state_code,
    state_name,
    name,
    i18n_key, 
    latitude, 
    longitude
) VALUES (
    31149,
    'DO',
    'Dominican Republic',
    '22',
    'San Juan',
    'Pedro Corto',
    'do.san_juan.pedro_corto.name',
    18.84856000,
    -71.41041000
);

-- City: San Juan de la Maguana
INSERT INTO cities (
    id,
    country_code, 
    country_name,
    state_code,
    state_name,
    name,
    i18n_key, 
    latitude, 
    longitude
) VALUES (
    31190,
    'DO',
    'Dominican Republic',
    '22',
    'San Juan',
    'San Juan de la Maguana',
    'do.san_juan.san_juan_de_la_maguana.name',
    18.80588000,
    -71.22991000
);

-- City: Vallejuelo
INSERT INTO cities (
    id,
    country_code, 
    country_name,
    state_code,
    state_name,
    name,
    i18n_key, 
    latitude, 
    longitude
) VALUES (
    31208,
    'DO',
    'Dominican Republic',
    '22',
    'San Juan',
    'Vallejuelo',
    'do.san_juan.vallejuelo.name',
    18.65354000,
    -71.33431000
);


-- State: San Pedro de Macor칤s
INSERT INTO states (
    id,
    country_code,
    state_code,
    name,
    i18n_key,
    type,
    latitude,
    longitude
) VALUES (
    4110,
    'DO',
    '23',
    'San Pedro de Macor칤s',
    'do.san_pedro_de_macoris.name',
    'province',
    18.46266000,
    -69.30512340
);


-- City: El Puerto
INSERT INTO cities (
    id,
    country_code, 
    country_name,
    state_code,
    state_name,
    name,
    i18n_key, 
    latitude, 
    longitude
) VALUES (
    31064,
    'DO',
    'Dominican Republic',
    '23',
    'San Pedro de Macor칤s',
    'El Puerto',
    'do.san_pedro_de_macoris.el_puerto.name',
    18.78333000,
    -69.46667000
);

-- City: Los Llanos
INSERT INTO cities (
    id,
    country_code, 
    country_name,
    state_code,
    state_name,
    name,
    i18n_key, 
    latitude, 
    longitude
) VALUES (
    31121,
    'DO',
    'Dominican Republic',
    '23',
    'San Pedro de Macor칤s',
    'Los Llanos',
    'do.san_pedro_de_macoris.los_llanos.name',
    18.62035000,
    -69.49581000
);

-- City: Quisqueya
INSERT INTO cities (
    id,
    country_code, 
    country_name,
    state_code,
    state_name,
    name,
    i18n_key, 
    latitude, 
    longitude
) VALUES (
    31163,
    'DO',
    'Dominican Republic',
    '23',
    'San Pedro de Macor칤s',
    'Quisqueya',
    'do.san_pedro_de_macoris.quisqueya.name',
    18.55542000,
    -69.40814000
);

-- City: Ram칩n Santana
INSERT INTO cities (
    id,
    country_code, 
    country_name,
    state_code,
    state_name,
    name,
    i18n_key, 
    latitude, 
    longitude
) VALUES (
    31164,
    'DO',
    'Dominican Republic',
    '23',
    'San Pedro de Macor칤s',
    'Ram칩n Santana',
    'do.san_pedro_de_macoris.ramon_santana.name',
    18.54224000,
    -69.17979000
);

-- City: San Pedro de Macor칤s
INSERT INTO cities (
    id,
    country_code, 
    country_name,
    state_code,
    state_name,
    name,
    i18n_key, 
    latitude, 
    longitude
) VALUES (
    31191,
    'DO',
    'Dominican Republic',
    '23',
    'San Pedro de Macor칤s',
    'San Pedro de Macor칤s',
    'do.san_pedro_de_macoris.san_pedro_de_macoris.name',
    18.45390000,
    -69.30864000
);


-- State: Santiago
INSERT INTO states (
    id,
    country_code,
    state_code,
    name,
    i18n_key,
    type,
    latitude,
    longitude
) VALUES (
    4108,
    'DO',
    '25',
    'Santiago',
    'do.santiago.name',
    'province',
    -33.45000000,
    -70.66670000
);


-- City: Baitoa
INSERT INTO cities (
    id,
    country_code, 
    country_name,
    state_code,
    state_name,
    name,
    i18n_key, 
    latitude, 
    longitude
) VALUES (
    31025,
    'DO',
    'Dominican Republic',
    '25',
    'Santiago',
    'Baitoa',
    'do.santiago.baitoa.name',
    19.32512000,
    -70.70357000
);

-- City: Bison칩
INSERT INTO cities (
    id,
    country_code, 
    country_name,
    state_code,
    state_name,
    name,
    i18n_key, 
    latitude, 
    longitude
) VALUES (
    31030,
    'DO',
    'Dominican Republic',
    '25',
    'Santiago',
    'Bison칩',
    'do.santiago.bisono.name',
    19.58333000,
    -70.86667000
);

-- City: Juncalito Abajo
INSERT INTO cities (
    id,
    country_code, 
    country_name,
    state_code,
    state_name,
    name,
    i18n_key, 
    latitude, 
    longitude
) VALUES (
    31100,
    'DO',
    'Dominican Republic',
    '25',
    'Santiago',
    'Juncalito Abajo',
    'do.santiago.juncalito_abajo.name',
    19.21990000,
    -70.81905000
);

-- City: La Canela
INSERT INTO cities (
    id,
    country_code, 
    country_name,
    state_code,
    state_name,
    name,
    i18n_key, 
    latitude, 
    longitude
) VALUES (
    31102,
    'DO',
    'Dominican Republic',
    '25',
    'Santiago',
    'La Canela',
    'do.santiago.la_canela.name',
    19.47341000,
    -70.81629000
);

-- City: Licey al Medio
INSERT INTO cities (
    id,
    country_code, 
    country_name,
    state_code,
    state_name,
    name,
    i18n_key, 
    latitude, 
    longitude
) VALUES (
    31117,
    'DO',
    'Dominican Republic',
    '25',
    'Santiago',
    'Licey al Medio',
    'do.santiago.licey_al_medio.name',
    19.45000000,
    -70.60000000
);

-- City: Palmar Arriba
INSERT INTO cities (
    id,
    country_code, 
    country_name,
    state_code,
    state_name,
    name,
    i18n_key, 
    latitude, 
    longitude
) VALUES (
    31143,
    'DO',
    'Dominican Republic',
    '25',
    'Santiago',
    'Palmar Arriba',
    'do.santiago.palmar_arriba.name',
    19.53957000,
    -70.73826000
);

-- City: Pedro Garc칤a
INSERT INTO cities (
    id,
    country_code, 
    country_name,
    state_code,
    state_name,
    name,
    i18n_key, 
    latitude, 
    longitude
) VALUES (
    31150,
    'DO',
    'Dominican Republic',
    '25',
    'Santiago',
    'Pedro Garc칤a',
    'do.santiago.pedro_garcia.name',
    19.59202000,
    -70.65256000
);

-- City: Sabana Iglesia
INSERT INTO cities (
    id,
    country_code, 
    country_name,
    state_code,
    state_name,
    name,
    i18n_key, 
    latitude, 
    longitude
) VALUES (
    31173,
    'DO',
    'Dominican Republic',
    '25',
    'Santiago',
    'Sabana Iglesia',
    'do.santiago.sabana_iglesia.name',
    19.32114000,
    -70.75992000
);

-- City: San Jos칠 de Las Matas
INSERT INTO cities (
    id,
    country_code, 
    country_name,
    state_code,
    state_name,
    name,
    i18n_key, 
    latitude, 
    longitude
) VALUES (
    31188,
    'DO',
    'Dominican Republic',
    '25',
    'Santiago',
    'San Jos칠 de Las Matas',
    'do.santiago.san_jose_de_las_matas.name',
    19.33915000,
    -70.93819000
);

-- City: Santiago de los Caballeros
INSERT INTO cities (
    id,
    country_code, 
    country_name,
    state_code,
    state_name,
    name,
    i18n_key, 
    latitude, 
    longitude
) VALUES (
    31196,
    'DO',
    'Dominican Republic',
    '25',
    'Santiago',
    'Santiago de los Caballeros',
    'do.santiago.santiago_de_los_caballeros.name',
    19.45170000,
    -70.69703000
);

-- City: Santo Tom치s de J치nico
INSERT INTO cities (
    id,
    country_code, 
    country_name,
    state_code,
    state_name,
    name,
    i18n_key, 
    latitude, 
    longitude
) VALUES (
    31200,
    'DO',
    'Dominican Republic',
    '25',
    'Santiago',
    'Santo Tom치s de J치nico',
    'do.santiago.santo_tomas_de_janico.name',
    19.23528000,
    -70.79515000
);

-- City: Tamboril
INSERT INTO cities (
    id,
    country_code, 
    country_name,
    state_code,
    state_name,
    name,
    i18n_key, 
    latitude, 
    longitude
) VALUES (
    31204,
    'DO',
    'Dominican Republic',
    '25',
    'Santiago',
    'Tamboril',
    'do.santiago.tamboril.name',
    19.48538000,
    -70.61104000
);

-- City: Villa Bison칩
INSERT INTO cities (
    id,
    country_code, 
    country_name,
    state_code,
    state_name,
    name,
    i18n_key, 
    latitude, 
    longitude
) VALUES (
    31212,
    'DO',
    'Dominican Republic',
    '25',
    'Santiago',
    'Villa Bison칩',
    'do.santiago.villa_bisono.name',
    19.56378000,
    -70.87582000
);

-- City: Villa Gonz치lez
INSERT INTO cities (
    id,
    country_code, 
    country_name,
    state_code,
    state_name,
    name,
    i18n_key, 
    latitude, 
    longitude
) VALUES (
    31216,
    'DO',
    'Dominican Republic',
    '25',
    'Santiago',
    'Villa Gonz치lez',
    'do.santiago.villa_gonzalez.name',
    19.54057000,
    -70.78853000
);


-- State: Santiago Rodr칤guez
INSERT INTO states (
    id,
    country_code,
    state_code,
    name,
    i18n_key,
    type,
    latitude,
    longitude
) VALUES (
    4100,
    'DO',
    '26',
    'Santiago Rodr칤guez',
    'do.santiago_rodriguez.name',
    'province',
    19.47131810,
    -71.33958010
);


-- City: Monci칩n
INSERT INTO cities (
    id,
    country_code, 
    country_name,
    state_code,
    state_name,
    name,
    i18n_key, 
    latitude, 
    longitude
) VALUES (
    31133,
    'DO',
    'Dominican Republic',
    '26',
    'Santiago Rodr칤guez',
    'Monci칩n',
    'do.santiago_rodriguez.moncion.name',
    19.46667000,
    -71.16667000
);

-- City: Sabaneta
INSERT INTO cities (
    id,
    country_code, 
    country_name,
    state_code,
    state_name,
    name,
    i18n_key, 
    latitude, 
    longitude
) VALUES (
    31177,
    'DO',
    'Dominican Republic',
    '26',
    'Santiago Rodr칤guez',
    'Sabaneta',
    'do.santiago_rodriguez.sabaneta.name',
    19.47793000,
    -71.34125000
);

-- City: San Ignacio de Sabaneta
INSERT INTO cities (
    id,
    country_code, 
    country_name,
    state_code,
    state_name,
    name,
    i18n_key, 
    latitude, 
    longitude
) VALUES (
    31187,
    'DO',
    'Dominican Republic',
    '26',
    'Santiago Rodr칤guez',
    'San Ignacio de Sabaneta',
    'do.santiago_rodriguez.san_ignacio_de_sabaneta.name',
    19.38333000,
    -71.35000000
);


-- State: Santo Domingo
INSERT INTO states (
    id,
    country_code,
    state_code,
    name,
    i18n_key,
    type,
    latitude,
    longitude
) VALUES (
    4093,
    'DO',
    '32',
    'Santo Domingo',
    'do.santo_domingo.name',
    'province',
    18.51042530,
    -69.84040540
);


-- City: Boca Chica
INSERT INTO cities (
    id,
    country_code, 
    country_name,
    state_code,
    state_name,
    name,
    i18n_key, 
    latitude, 
    longitude
) VALUES (
    31031,
    'DO',
    'Dominican Republic',
    '32',
    'Santo Domingo',
    'Boca Chica',
    'do.santo_domingo.boca_chica.name',
    18.45000000,
    -69.60000000
);

-- City: Santo Domingo Este
INSERT INTO cities (
    id,
    country_code, 
    country_name,
    state_code,
    state_name,
    name,
    i18n_key, 
    latitude, 
    longitude
) VALUES (
    31198,
    'DO',
    'Dominican Republic',
    '32',
    'Santo Domingo',
    'Santo Domingo Este',
    'do.santo_domingo.santo_domingo_este.name',
    18.48847000,
    -69.85707000
);

-- City: Santo Domingo Oeste
INSERT INTO cities (
    id,
    country_code, 
    country_name,
    state_code,
    state_name,
    name,
    i18n_key, 
    latitude, 
    longitude
) VALUES (
    31199,
    'DO',
    'Dominican Republic',
    '32',
    'Santo Domingo',
    'Santo Domingo Oeste',
    'do.santo_domingo.santo_domingo_oeste.name',
    18.50000000,
    -70.00000000
);


-- State: S치nchez Ram칤rez
INSERT INTO states (
    id,
    country_code,
    state_code,
    name,
    i18n_key,
    type,
    latitude,
    longitude
) VALUES (
    4088,
    'DO',
    '24',
    'S치nchez Ram칤rez',
    'do.sanchez_ramirez.name',
    'province',
    19.05270600,
    -70.14922640
);


-- City: Cevicos
INSERT INTO cities (
    id,
    country_code, 
    country_name,
    state_code,
    state_name,
    name,
    i18n_key, 
    latitude, 
    longitude
) VALUES (
    31046,
    'DO',
    'Dominican Republic',
    '24',
    'S치nchez Ram칤rez',
    'Cevicos',
    'do.sanchez_ramirez.cevicos.name',
    19.00449000,
    -69.97896000
);

-- City: Cotu칤
INSERT INTO cities (
    id,
    country_code, 
    country_name,
    state_code,
    state_name,
    name,
    i18n_key, 
    latitude, 
    longitude
) VALUES (
    31050,
    'DO',
    'Dominican Republic',
    '24',
    'S치nchez Ram칤rez',
    'Cotu칤',
    'do.sanchez_ramirez.cotui.name',
    19.05272000,
    -70.14939000
);

-- City: Fantino
INSERT INTO cities (
    id,
    country_code, 
    country_name,
    state_code,
    state_name,
    name,
    i18n_key, 
    latitude, 
    longitude
) VALUES (
    31072,
    'DO',
    'Dominican Republic',
    '24',
    'S치nchez Ram칤rez',
    'Fantino',
    'do.sanchez_ramirez.fantino.name',
    19.11667000,
    -70.30000000
);


-- State: Valverde
INSERT INTO states (
    id,
    country_code,
    state_code,
    name,
    i18n_key,
    type,
    latitude,
    longitude
) VALUES (
    4104,
    'DO',
    '27',
    'Valverde',
    'do.valverde.name',
    'province',
    19.58812210,
    -70.98033100
);


-- City: Amina
INSERT INTO cities (
    id,
    country_code, 
    country_name,
    state_code,
    state_name,
    name,
    i18n_key, 
    latitude, 
    longitude
) VALUES (
    31021,
    'DO',
    'Dominican Republic',
    '27',
    'Valverde',
    'Amina',
    'do.valverde.amina.name',
    19.54813000,
    -70.99599000
);

-- City: Esperanza
INSERT INTO cities (
    id,
    country_code, 
    country_name,
    state_code,
    state_name,
    name,
    i18n_key, 
    latitude, 
    longitude
) VALUES (
    31069,
    'DO',
    'Dominican Republic',
    '27',
    'Valverde',
    'Esperanza',
    'do.valverde.esperanza.name',
    19.62379000,
    -70.97141000
);

-- City: Guatapanal
INSERT INTO cities (
    id,
    country_code, 
    country_name,
    state_code,
    state_name,
    name,
    i18n_key, 
    latitude, 
    longitude
) VALUES (
    31078,
    'DO',
    'Dominican Republic',
    '27',
    'Valverde',
    'Guatapanal',
    'do.valverde.guatapanal.name',
    19.50705000,
    -70.91713000
);

-- City: Jaib칩n
INSERT INTO cities (
    id,
    country_code, 
    country_name,
    state_code,
    state_name,
    name,
    i18n_key, 
    latitude, 
    longitude
) VALUES (
    31088,
    'DO',
    'Dominican Republic',
    '27',
    'Valverde',
    'Jaib칩n',
    'do.valverde.jaibon.name',
    19.61169000,
    -71.14847000
);

-- City: Jicom칠
INSERT INTO cities (
    id,
    country_code, 
    country_name,
    state_code,
    state_name,
    name,
    i18n_key, 
    latitude, 
    longitude
) VALUES (
    31092,
    'DO',
    'Dominican Republic',
    '27',
    'Valverde',
    'Jicom칠',
    'do.valverde.jicome.name',
    19.64955000,
    -70.94927000
);

-- City: La Caya
INSERT INTO cities (
    id,
    country_code, 
    country_name,
    state_code,
    state_name,
    name,
    i18n_key, 
    latitude, 
    longitude
) VALUES (
    31103,
    'DO',
    'Dominican Republic',
    '27',
    'Valverde',
    'La Caya',
    'do.valverde.la_caya.name',
    19.69981000,
    -71.12084000
);

-- City: Laguna Salada
INSERT INTO cities (
    id,
    country_code, 
    country_name,
    state_code,
    state_name,
    name,
    i18n_key, 
    latitude, 
    longitude
) VALUES (
    31110,
    'DO',
    'Dominican Republic',
    '27',
    'Valverde',
    'Laguna Salada',
    'do.valverde.laguna_salada.name',
    19.70000000,
    -71.13333000
);

-- City: Maizal
INSERT INTO cities (
    id,
    country_code, 
    country_name,
    state_code,
    state_name,
    name,
    i18n_key, 
    latitude, 
    longitude
) VALUES (
    31125,
    'DO',
    'Dominican Republic',
    '27',
    'Valverde',
    'Maizal',
    'do.valverde.maizal.name',
    19.63655000,
    -71.02734000
);

-- City: Mao
INSERT INTO cities (
    id,
    country_code, 
    country_name,
    state_code,
    state_name,
    name,
    i18n_key, 
    latitude, 
    longitude
) VALUES (
    31127,
    'DO',
    'Dominican Republic',
    '27',
    'Valverde',
    'Mao',
    'do.valverde.mao.name',
    19.55186000,
    -71.07813000
);



