-- Country: El Salvador
INSERT INTO countries (
    code_iso2,
    code_iso3,
    name,
    i18n_key,
    currency,
    currency_symbol,
    region,
    nationality,
    timezones,
    latitude,
    longitude,
    emoji,
    emoji_u
) VALUES (
    'SV',
    'SLV',
    'El Salvador',
    'sv.name',
    'USD',
    '$',
    'Americas',
    'Salvadoran',
    '[{zoneName:''America\/El_Salvador'',gmtOffset:-21600,gmtOffsetName:''UTC-06:00'',abbreviation:''CST'',tzName:''Central Standard Time (North America''}]',
    13.83333333,
    -88.91666666,
    '游젏릖',
    'U+1F1F8 U+1F1FB'
);


-- State: Ahuachap치n
INSERT INTO states (
    id,
    country_code,
    state_code,
    name,
    i18n_key,
    type,
    latitude,
    longitude
) VALUES (
    4139,
    'SV',
    'AH',
    'Ahuachap치n',
    'sv.ahuachapan.name',
    'department',
    13.82161480,
    -89.92532330
);


-- City: Ahuachap치n
INSERT INTO cities (
    id,
    country_code, 
    country_name,
    state_code,
    state_name,
    name,
    i18n_key, 
    latitude, 
    longitude
) VALUES (
    104842,
    'SV',
    'El Salvador',
    'AH',
    'Ahuachap치n',
    'Ahuachap치n',
    'sv.ahuachapan.ahuachapan.name',
    13.92139000,
    -89.84500000
);

-- City: Atiquizaya
INSERT INTO cities (
    id,
    country_code, 
    country_name,
    state_code,
    state_name,
    name,
    i18n_key, 
    latitude, 
    longitude
) VALUES (
    104848,
    'SV',
    'El Salvador',
    'AH',
    'Ahuachap치n',
    'Atiquizaya',
    'sv.ahuachapan.atiquizaya.name',
    13.97694000,
    -89.75250000
);

-- City: Concepci칩n de Ataco
INSERT INTO cities (
    id,
    country_code, 
    country_name,
    state_code,
    state_name,
    name,
    i18n_key, 
    latitude, 
    longitude
) VALUES (
    104863,
    'SV',
    'El Salvador',
    'AH',
    'Ahuachap치n',
    'Concepci칩n de Ataco',
    'sv.ahuachapan.concepcion_de_ataco.name',
    13.87028000,
    -89.84861000
);

-- City: Guaymango
INSERT INTO cities (
    id,
    country_code, 
    country_name,
    state_code,
    state_name,
    name,
    i18n_key, 
    latitude, 
    longitude
) VALUES (
    104873,
    'SV',
    'El Salvador',
    'AH',
    'Ahuachap치n',
    'Guaymango',
    'sv.ahuachapan.guaymango.name',
    13.75028000,
    -89.84222000
);

-- City: Jujutla
INSERT INTO cities (
    id,
    country_code, 
    country_name,
    state_code,
    state_name,
    name,
    i18n_key, 
    latitude, 
    longitude
) VALUES (
    104883,
    'SV',
    'El Salvador',
    'AH',
    'Ahuachap치n',
    'Jujutla',
    'sv.ahuachapan.jujutla.name',
    13.78694000,
    -89.85722000
);

-- City: San Francisco Men칠ndez
INSERT INTO cities (
    id,
    country_code, 
    country_name,
    state_code,
    state_name,
    name,
    i18n_key, 
    latitude, 
    longitude
) VALUES (
    104906,
    'SV',
    'El Salvador',
    'AH',
    'Ahuachap치n',
    'San Francisco Men칠ndez',
    'sv.ahuachapan.san_francisco_menendez.name',
    13.84306000,
    -90.01583000
);

-- City: Tacuba
INSERT INTO cities (
    id,
    country_code, 
    country_name,
    state_code,
    state_name,
    name,
    i18n_key, 
    latitude, 
    longitude
) VALUES (
    104931,
    'SV',
    'El Salvador',
    'AH',
    'Ahuachap치n',
    'Tacuba',
    'sv.ahuachapan.tacuba.name',
    13.90111000,
    -89.92972000
);


-- State: Caba침as
INSERT INTO states (
    id,
    country_code,
    state_code,
    name,
    i18n_key,
    type,
    latitude,
    longitude
) VALUES (
    4132,
    'SV',
    'CA',
    'Caba침as',
    'sv.cabanas.name',
    'department',
    13.86482880,
    -88.74939980
);


-- City: Sensuntepeque
INSERT INTO cities (
    id,
    country_code, 
    country_name,
    state_code,
    state_name,
    name,
    i18n_key, 
    latitude, 
    longitude
) VALUES (
    104924,
    'SV',
    'El Salvador',
    'CA',
    'Caba침as',
    'Sensuntepeque',
    'sv.cabanas.sensuntepeque.name',
    13.86667000,
    -88.63333000
);

-- City: Victoria
INSERT INTO cities (
    id,
    country_code, 
    country_name,
    state_code,
    state_name,
    name,
    i18n_key, 
    latitude, 
    longitude
) VALUES (
    104937,
    'SV',
    'El Salvador',
    'CA',
    'Caba침as',
    'Victoria',
    'sv.cabanas.victoria.name',
    13.95000000,
    -88.63333000
);


-- State: Chalatenango
INSERT INTO states (
    id,
    country_code,
    state_code,
    name,
    i18n_key,
    type,
    latitude,
    longitude
) VALUES (
    4131,
    'SV',
    'CH',
    'Chalatenango',
    'sv.chalatenango.name',
    'department',
    14.19166480,
    -89.17059980
);


-- City: Chalatenango
INSERT INTO cities (
    id,
    country_code, 
    country_name,
    state_code,
    state_name,
    name,
    i18n_key, 
    latitude, 
    longitude
) VALUES (
    104853,
    'SV',
    'El Salvador',
    'CH',
    'Chalatenango',
    'Chalatenango',
    'sv.chalatenango.chalatenango.name',
    14.03333000,
    -88.93333000
);

-- City: Nueva Concepci칩n
INSERT INTO cities (
    id,
    country_code, 
    country_name,
    state_code,
    state_name,
    name,
    i18n_key, 
    latitude, 
    longitude
) VALUES (
    104891,
    'SV',
    'El Salvador',
    'CH',
    'Chalatenango',
    'Nueva Concepci칩n',
    'sv.chalatenango.nueva_concepcion.name',
    14.13333000,
    -89.30000000
);


-- State: Cuscatl치n
INSERT INTO states (
    id,
    country_code,
    state_code,
    name,
    i18n_key,
    type,
    latitude,
    longitude
) VALUES (
    4137,
    'SV',
    'CU',
    'Cuscatl치n',
    'sv.cuscatlan.name',
    'department',
    13.86619570,
    -89.05615320
);


-- City: Cojutepeque
INSERT INTO cities (
    id,
    country_code, 
    country_name,
    state_code,
    state_name,
    name,
    i18n_key, 
    latitude, 
    longitude
) VALUES (
    104861,
    'SV',
    'El Salvador',
    'CU',
    'Cuscatl치n',
    'Cojutepeque',
    'sv.cuscatlan.cojutepeque.name',
    13.71667000,
    -88.93333000
);

-- City: San Mart칤n
INSERT INTO cities (
    id,
    country_code, 
    country_name,
    state_code,
    state_name,
    name,
    i18n_key, 
    latitude, 
    longitude
) VALUES (
    104909,
    'SV',
    'El Salvador',
    'CU',
    'Cuscatl치n',
    'San Mart칤n',
    'sv.cuscatlan.san_martin.name',
    13.78333000,
    -88.91667000
);

-- City: Suchitoto
INSERT INTO cities (
    id,
    country_code, 
    country_name,
    state_code,
    state_name,
    name,
    i18n_key, 
    latitude, 
    longitude
) VALUES (
    104930,
    'SV',
    'El Salvador',
    'CU',
    'Cuscatl치n',
    'Suchitoto',
    'sv.cuscatlan.suchitoto.name',
    13.93806000,
    -89.02778000
);

-- City: Tecoluca
INSERT INTO cities (
    id,
    country_code, 
    country_name,
    state_code,
    state_name,
    name,
    i18n_key, 
    latitude, 
    longitude
) VALUES (
    104932,
    'SV',
    'El Salvador',
    'CU',
    'Cuscatl치n',
    'Tecoluca',
    'sv.cuscatlan.tecoluca.name',
    13.78917000,
    -89.00528000
);

-- City: Tenancingo
INSERT INTO cities (
    id,
    country_code, 
    country_name,
    state_code,
    state_name,
    name,
    i18n_key, 
    latitude, 
    longitude
) VALUES (
    104933,
    'SV',
    'El Salvador',
    'CU',
    'Cuscatl치n',
    'Tenancingo',
    'sv.cuscatlan.tenancingo.name',
    13.83333000,
    -88.98333000
);


-- State: La Libertad
INSERT INTO states (
    id,
    country_code,
    state_code,
    name,
    i18n_key,
    type,
    latitude,
    longitude
) VALUES (
    4134,
    'SV',
    'LI',
    'La Libertad',
    'sv.la_libertad.name',
    'department',
    13.68176610,
    -89.36062980
);


-- City: Antiguo Cuscatl치n
INSERT INTO cities (
    id,
    country_code, 
    country_name,
    state_code,
    state_name,
    name,
    i18n_key, 
    latitude, 
    longitude
) VALUES (
    104844,
    'SV',
    'El Salvador',
    'LI',
    'La Libertad',
    'Antiguo Cuscatl치n',
    'sv.la_libertad.antiguo_cuscatlan.name',
    13.66492000,
    -89.25319000
);

-- City: Ciudad Arce
INSERT INTO cities (
    id,
    country_code, 
    country_name,
    state_code,
    state_name,
    name,
    i18n_key, 
    latitude, 
    longitude
) VALUES (
    104858,
    'SV',
    'El Salvador',
    'LI',
    'La Libertad',
    'Ciudad Arce',
    'sv.la_libertad.ciudad_arce.name',
    13.84028000,
    -89.44722000
);

-- City: La Libertad
INSERT INTO cities (
    id,
    country_code, 
    country_name,
    state_code,
    state_name,
    name,
    i18n_key, 
    latitude, 
    longitude
) VALUES (
    104884,
    'SV',
    'El Salvador',
    'LI',
    'La Libertad',
    'La Libertad',
    'sv.la_libertad.la_libertad.name',
    13.48833000,
    -89.32222000
);

-- City: Nuevo Cuscatl치n
INSERT INTO cities (
    id,
    country_code, 
    country_name,
    state_code,
    state_name,
    name,
    i18n_key, 
    latitude, 
    longitude
) VALUES (
    104894,
    'SV',
    'El Salvador',
    'LI',
    'La Libertad',
    'Nuevo Cuscatl치n',
    'sv.la_libertad.nuevo_cuscatlan.name',
    13.64861000,
    -89.26528000
);

-- City: Quezaltepeque
INSERT INTO cities (
    id,
    country_code, 
    country_name,
    state_code,
    state_name,
    name,
    i18n_key, 
    latitude, 
    longitude
) VALUES (
    104900,
    'SV',
    'El Salvador',
    'LI',
    'La Libertad',
    'Quezaltepeque',
    'sv.la_libertad.quezaltepeque.name',
    13.83124000,
    -89.27221000
);

-- City: San Juan Opico
INSERT INTO cities (
    id,
    country_code, 
    country_name,
    state_code,
    state_name,
    name,
    i18n_key, 
    latitude, 
    longitude
) VALUES (
    104907,
    'SV',
    'El Salvador',
    'LI',
    'La Libertad',
    'San Juan Opico',
    'sv.la_libertad.san_juan_opico.name',
    13.87611000,
    -89.35972000
);

-- City: San Pablo Tacachico
INSERT INTO cities (
    id,
    country_code, 
    country_name,
    state_code,
    state_name,
    name,
    i18n_key, 
    latitude, 
    longitude
) VALUES (
    104911,
    'SV',
    'El Salvador',
    'LI',
    'La Libertad',
    'San Pablo Tacachico',
    'sv.la_libertad.san_pablo_tacachico.name',
    13.97556000,
    -89.34000000
);

-- City: Santa Tecla
INSERT INTO cities (
    id,
    country_code, 
    country_name,
    state_code,
    state_name,
    name,
    i18n_key, 
    latitude, 
    longitude
) VALUES (
    104920,
    'SV',
    'El Salvador',
    'LI',
    'La Libertad',
    'Santa Tecla',
    'sv.la_libertad.santa_tecla.name',
    13.67694000,
    -89.27972000
);

-- City: Zaragoza
INSERT INTO cities (
    id,
    country_code, 
    country_name,
    state_code,
    state_name,
    name,
    i18n_key, 
    latitude, 
    longitude
) VALUES (
    104939,
    'SV',
    'El Salvador',
    'LI',
    'La Libertad',
    'Zaragoza',
    'sv.la_libertad.zaragoza.name',
    13.58944000,
    -89.28889000
);


-- State: La Paz
INSERT INTO states (
    id,
    country_code,
    state_code,
    name,
    i18n_key,
    type,
    latitude,
    longitude
) VALUES (
    4136,
    'SV',
    'PA',
    'La Paz',
    'sv.la_paz.name',
    'department',
    NULL,
    NULL
);


-- City: El Rosario
INSERT INTO cities (
    id,
    country_code, 
    country_name,
    state_code,
    state_name,
    name,
    i18n_key, 
    latitude, 
    longitude
) VALUES (
    104870,
    'SV',
    'El Salvador',
    'PA',
    'La Paz',
    'El Rosario',
    'sv.la_paz.el_rosario.name',
    13.49778000,
    -89.02972000
);

-- City: Olocuilta
INSERT INTO cities (
    id,
    country_code, 
    country_name,
    state_code,
    state_name,
    name,
    i18n_key, 
    latitude, 
    longitude
) VALUES (
    104895,
    'SV',
    'El Salvador',
    'PA',
    'La Paz',
    'Olocuilta',
    'sv.la_paz.olocuilta.name',
    13.56972000,
    -89.11722000
);

-- City: San Pedro Masahuat
INSERT INTO cities (
    id,
    country_code, 
    country_name,
    state_code,
    state_name,
    name,
    i18n_key, 
    latitude, 
    longitude
) VALUES (
    104912,
    'SV',
    'El Salvador',
    'PA',
    'La Paz',
    'San Pedro Masahuat',
    'sv.la_paz.san_pedro_masahuat.name',
    13.54361000,
    -89.03861000
);

-- City: Santiago Nonualco
INSERT INTO cities (
    id,
    country_code, 
    country_name,
    state_code,
    state_name,
    name,
    i18n_key, 
    latitude, 
    longitude
) VALUES (
    104921,
    'SV',
    'El Salvador',
    'PA',
    'La Paz',
    'Santiago Nonualco',
    'sv.la_paz.santiago_nonualco.name',
    13.51667000,
    -88.95000000
);

-- City: Zacatecoluca
INSERT INTO cities (
    id,
    country_code, 
    country_name,
    state_code,
    state_name,
    name,
    i18n_key, 
    latitude, 
    longitude
) VALUES (
    104938,
    'SV',
    'El Salvador',
    'PA',
    'La Paz',
    'Zacatecoluca',
    'sv.la_paz.zacatecoluca.name',
    13.50000000,
    -88.86667000
);


-- State: La Uni칩n
INSERT INTO states (
    id,
    country_code,
    state_code,
    name,
    i18n_key,
    type,
    latitude,
    longitude
) VALUES (
    4138,
    'SV',
    'UN',
    'La Uni칩n',
    'sv.la_union.name',
    'department',
    13.48864430,
    -87.89424510
);


-- City: Anamor칩s
INSERT INTO cities (
    id,
    country_code, 
    country_name,
    state_code,
    state_name,
    name,
    i18n_key, 
    latitude, 
    longitude
) VALUES (
    104843,
    'SV',
    'El Salvador',
    'UN',
    'La Uni칩n',
    'Anamor칩s',
    'sv.la_union.anamoros.name',
    13.74056000,
    -87.87361000
);

-- City: Conchagua
INSERT INTO cities (
    id,
    country_code, 
    country_name,
    state_code,
    state_name,
    name,
    i18n_key, 
    latitude, 
    longitude
) VALUES (
    104864,
    'SV',
    'El Salvador',
    'UN',
    'La Uni칩n',
    'Conchagua',
    'sv.la_union.conchagua.name',
    13.30778000,
    -87.86472000
);

-- City: Intipuc치
INSERT INTO cities (
    id,
    country_code, 
    country_name,
    state_code,
    state_name,
    name,
    i18n_key, 
    latitude, 
    longitude
) VALUES (
    104876,
    'SV',
    'El Salvador',
    'UN',
    'La Uni칩n',
    'Intipuc치',
    'sv.la_union.intipuca.name',
    13.19694000,
    -88.05444000
);

-- City: La Uni칩n
INSERT INTO cities (
    id,
    country_code, 
    country_name,
    state_code,
    state_name,
    name,
    i18n_key, 
    latitude, 
    longitude
) VALUES (
    104885,
    'SV',
    'El Salvador',
    'UN',
    'La Uni칩n',
    'La Uni칩n',
    'sv.la_union.la_union.name',
    13.33694000,
    -87.84389000
);

-- City: Nueva Esparta
INSERT INTO cities (
    id,
    country_code, 
    country_name,
    state_code,
    state_name,
    name,
    i18n_key, 
    latitude, 
    longitude
) VALUES (
    104892,
    'SV',
    'El Salvador',
    'UN',
    'La Uni칩n',
    'Nueva Esparta',
    'sv.la_union.nueva_esparta.name',
    13.78361000,
    -87.83861000
);

-- City: Pasaquina
INSERT INTO cities (
    id,
    country_code, 
    country_name,
    state_code,
    state_name,
    name,
    i18n_key, 
    latitude, 
    longitude
) VALUES (
    104898,
    'SV',
    'El Salvador',
    'UN',
    'La Uni칩n',
    'Pasaquina',
    'sv.la_union.pasaquina.name',
    13.58444000,
    -87.84111000
);

-- City: San Alejo
INSERT INTO cities (
    id,
    country_code, 
    country_name,
    state_code,
    state_name,
    name,
    i18n_key, 
    latitude, 
    longitude
) VALUES (
    104903,
    'SV',
    'El Salvador',
    'UN',
    'La Uni칩n',
    'San Alejo',
    'sv.la_union.san_alejo.name',
    13.43139000,
    -87.96306000
);

-- City: Santa Rosa de Lima
INSERT INTO cities (
    id,
    country_code, 
    country_name,
    state_code,
    state_name,
    name,
    i18n_key, 
    latitude, 
    longitude
) VALUES (
    104919,
    'SV',
    'El Salvador',
    'UN',
    'La Uni칩n',
    'Santa Rosa de Lima',
    'sv.la_union.santa_rosa_de_lima.name',
    13.62472000,
    -87.89361000
);


-- State: Moraz치n
INSERT INTO states (
    id,
    country_code,
    state_code,
    name,
    i18n_key,
    type,
    latitude,
    longitude
) VALUES (
    4130,
    'SV',
    'MO',
    'Moraz치n',
    'sv.morazan.name',
    'department',
    13.76820000,
    -88.12913870
);


-- City: Cacaopera
INSERT INTO cities (
    id,
    country_code, 
    country_name,
    state_code,
    state_name,
    name,
    i18n_key, 
    latitude, 
    longitude
) VALUES (
    104851,
    'SV',
    'El Salvador',
    'MO',
    'Moraz치n',
    'Cacaopera',
    'sv.morazan.cacaopera.name',
    13.76667000,
    -88.08333000
);

-- City: Corinto
INSERT INTO cities (
    id,
    country_code, 
    country_name,
    state_code,
    state_name,
    name,
    i18n_key, 
    latitude, 
    longitude
) VALUES (
    104865,
    'SV',
    'El Salvador',
    'MO',
    'Moraz치n',
    'Corinto',
    'sv.morazan.corinto.name',
    13.81083000,
    -87.97139000
);

-- City: Guatajiagua
INSERT INTO cities (
    id,
    country_code, 
    country_name,
    state_code,
    state_name,
    name,
    i18n_key, 
    latitude, 
    longitude
) VALUES (
    104872,
    'SV',
    'El Salvador',
    'MO',
    'Moraz치n',
    'Guatajiagua',
    'sv.morazan.guatajiagua.name',
    13.66667000,
    -88.20000000
);

-- City: Jocoro
INSERT INTO cities (
    id,
    country_code, 
    country_name,
    state_code,
    state_name,
    name,
    i18n_key, 
    latitude, 
    longitude
) VALUES (
    104879,
    'SV',
    'El Salvador',
    'MO',
    'Moraz치n',
    'Jocoro',
    'sv.morazan.jocoro.name',
    13.61667000,
    -88.01667000
);

-- City: San Francisco
INSERT INTO cities (
    id,
    country_code, 
    country_name,
    state_code,
    state_name,
    name,
    i18n_key, 
    latitude, 
    longitude
) VALUES (
    104905,
    'SV',
    'El Salvador',
    'MO',
    'Moraz치n',
    'San Francisco',
    'sv.morazan.san_francisco.name',
    13.70000000,
    -88.10000000
);

-- City: Sociedad
INSERT INTO cities (
    id,
    country_code, 
    country_name,
    state_code,
    state_name,
    name,
    i18n_key, 
    latitude, 
    longitude
) VALUES (
    104926,
    'SV',
    'El Salvador',
    'MO',
    'Moraz치n',
    'Sociedad',
    'sv.morazan.sociedad.name',
    13.70000000,
    -88.01667000
);


-- State: San Miguel
INSERT INTO states (
    id,
    country_code,
    state_code,
    name,
    i18n_key,
    type,
    latitude,
    longitude
) VALUES (
    4135,
    'SV',
    'SM',
    'San Miguel',
    'sv.san_miguel.name',
    'department',
    13.44510410,
    -88.24611830
);


-- City: Chapeltique
INSERT INTO cities (
    id,
    country_code, 
    country_name,
    state_code,
    state_name,
    name,
    i18n_key, 
    latitude, 
    longitude
) VALUES (
    104855,
    'SV',
    'El Salvador',
    'SM',
    'San Miguel',
    'Chapeltique',
    'sv.san_miguel.chapeltique.name',
    13.63333000,
    -88.26667000
);

-- City: Chinameca
INSERT INTO cities (
    id,
    country_code, 
    country_name,
    state_code,
    state_name,
    name,
    i18n_key, 
    latitude, 
    longitude
) VALUES (
    104856,
    'SV',
    'El Salvador',
    'SM',
    'San Miguel',
    'Chinameca',
    'sv.san_miguel.chinameca.name',
    13.50000000,
    -88.35000000
);

-- City: Chirilagua
INSERT INTO cities (
    id,
    country_code, 
    country_name,
    state_code,
    state_name,
    name,
    i18n_key, 
    latitude, 
    longitude
) VALUES (
    104857,
    'SV',
    'El Salvador',
    'SM',
    'San Miguel',
    'Chirilagua',
    'sv.san_miguel.chirilagua.name',
    13.22028000,
    -88.13861000
);

-- City: Ciudad Barrios
INSERT INTO cities (
    id,
    country_code, 
    country_name,
    state_code,
    state_name,
    name,
    i18n_key, 
    latitude, 
    longitude
) VALUES (
    104859,
    'SV',
    'El Salvador',
    'SM',
    'San Miguel',
    'Ciudad Barrios',
    'sv.san_miguel.ciudad_barrios.name',
    13.76667000,
    -88.26667000
);

-- City: El Tr치nsito
INSERT INTO cities (
    id,
    country_code, 
    country_name,
    state_code,
    state_name,
    name,
    i18n_key, 
    latitude, 
    longitude
) VALUES (
    104871,
    'SV',
    'El Salvador',
    'SM',
    'San Miguel',
    'El Tr치nsito',
    'sv.san_miguel.el_transito.name',
    13.35000000,
    -88.35000000
);

-- City: Lolotique
INSERT INTO cities (
    id,
    country_code, 
    country_name,
    state_code,
    state_name,
    name,
    i18n_key, 
    latitude, 
    longitude
) VALUES (
    104886,
    'SV',
    'El Salvador',
    'SM',
    'San Miguel',
    'Lolotique',
    'sv.san_miguel.lolotique.name',
    13.55000000,
    -88.35000000
);

-- City: Moncagua
INSERT INTO cities (
    id,
    country_code, 
    country_name,
    state_code,
    state_name,
    name,
    i18n_key, 
    latitude, 
    longitude
) VALUES (
    104889,
    'SV',
    'El Salvador',
    'SM',
    'San Miguel',
    'Moncagua',
    'sv.san_miguel.moncagua.name',
    13.53333000,
    -88.25000000
);

-- City: Nueva Guadalupe
INSERT INTO cities (
    id,
    country_code, 
    country_name,
    state_code,
    state_name,
    name,
    i18n_key, 
    latitude, 
    longitude
) VALUES (
    104893,
    'SV',
    'El Salvador',
    'SM',
    'San Miguel',
    'Nueva Guadalupe',
    'sv.san_miguel.nueva_guadalupe.name',
    13.53333000,
    -88.35000000
);

-- City: San Miguel
INSERT INTO cities (
    id,
    country_code, 
    country_name,
    state_code,
    state_name,
    name,
    i18n_key, 
    latitude, 
    longitude
) VALUES (
    104910,
    'SV',
    'El Salvador',
    'SM',
    'San Miguel',
    'San Miguel',
    'sv.san_miguel.san_miguel.name',
    13.48333000,
    -88.18333000
);

-- City: San Rafael Oriente
INSERT INTO cities (
    id,
    country_code, 
    country_name,
    state_code,
    state_name,
    name,
    i18n_key, 
    latitude, 
    longitude
) VALUES (
    104913,
    'SV',
    'El Salvador',
    'SM',
    'San Miguel',
    'San Rafael Oriente',
    'sv.san_miguel.san_rafael_oriente.name',
    13.38333000,
    -88.35000000
);

-- City: Sesori
INSERT INTO cities (
    id,
    country_code, 
    country_name,
    state_code,
    state_name,
    name,
    i18n_key, 
    latitude, 
    longitude
) VALUES (
    104925,
    'SV',
    'El Salvador',
    'SM',
    'San Miguel',
    'Sesori',
    'sv.san_miguel.sesori.name',
    13.71667000,
    -88.36667000
);


-- State: San Salvador
INSERT INTO states (
    id,
    country_code,
    state_code,
    name,
    i18n_key,
    type,
    latitude,
    longitude
) VALUES (
    4133,
    'SV',
    'SS',
    'San Salvador',
    'sv.san_salvador.name',
    'department',
    13.77399970,
    -89.20867730
);


-- City: Aguilares
INSERT INTO cities (
    id,
    country_code, 
    country_name,
    state_code,
    state_name,
    name,
    i18n_key, 
    latitude, 
    longitude
) VALUES (
    104841,
    'SV',
    'El Salvador',
    'SS',
    'San Salvador',
    'Aguilares',
    'sv.san_salvador.aguilares.name',
    13.95722000,
    -89.18972000
);

-- City: Apopa
INSERT INTO cities (
    id,
    country_code, 
    country_name,
    state_code,
    state_name,
    name,
    i18n_key, 
    latitude, 
    longitude
) VALUES (
    104846,
    'SV',
    'El Salvador',
    'SS',
    'San Salvador',
    'Apopa',
    'sv.san_salvador.apopa.name',
    13.80722000,
    -89.17917000
);

-- City: Ayutuxtepeque
INSERT INTO cities (
    id,
    country_code, 
    country_name,
    state_code,
    state_name,
    name,
    i18n_key, 
    latitude, 
    longitude
) VALUES (
    104849,
    'SV',
    'El Salvador',
    'SS',
    'San Salvador',
    'Ayutuxtepeque',
    'sv.san_salvador.ayutuxtepeque.name',
    13.74556000,
    -89.20639000
);

-- City: Cuscatancingo
INSERT INTO cities (
    id,
    country_code, 
    country_name,
    state_code,
    state_name,
    name,
    i18n_key, 
    latitude, 
    longitude
) VALUES (
    104866,
    'SV',
    'El Salvador',
    'SS',
    'San Salvador',
    'Cuscatancingo',
    'sv.san_salvador.cuscatancingo.name',
    13.73611000,
    -89.18139000
);

-- City: Delgado
INSERT INTO cities (
    id,
    country_code, 
    country_name,
    state_code,
    state_name,
    name,
    i18n_key, 
    latitude, 
    longitude
) VALUES (
    104867,
    'SV',
    'El Salvador',
    'SS',
    'San Salvador',
    'Delgado',
    'sv.san_salvador.delgado.name',
    13.72417000,
    -89.17028000
);

-- City: El Paisnal
INSERT INTO cities (
    id,
    country_code, 
    country_name,
    state_code,
    state_name,
    name,
    i18n_key, 
    latitude, 
    longitude
) VALUES (
    104869,
    'SV',
    'El Salvador',
    'SS',
    'San Salvador',
    'El Paisnal',
    'sv.san_salvador.el_paisnal.name',
    13.97361000,
    -89.21861000
);

-- City: Guazapa
INSERT INTO cities (
    id,
    country_code, 
    country_name,
    state_code,
    state_name,
    name,
    i18n_key, 
    latitude, 
    longitude
) VALUES (
    104874,
    'SV',
    'El Salvador',
    'SS',
    'San Salvador',
    'Guazapa',
    'sv.san_salvador.guazapa.name',
    13.87694000,
    -89.17306000
);

-- City: Ilopango
INSERT INTO cities (
    id,
    country_code, 
    country_name,
    state_code,
    state_name,
    name,
    i18n_key, 
    latitude, 
    longitude
) VALUES (
    104875,
    'SV',
    'El Salvador',
    'SS',
    'San Salvador',
    'Ilopango',
    'sv.san_salvador.ilopango.name',
    13.70167000,
    -89.10944000
);

-- City: Mejicanos
INSERT INTO cities (
    id,
    country_code, 
    country_name,
    state_code,
    state_name,
    name,
    i18n_key, 
    latitude, 
    longitude
) VALUES (
    104887,
    'SV',
    'El Salvador',
    'SS',
    'San Salvador',
    'Mejicanos',
    'sv.san_salvador.mejicanos.name',
    13.74028000,
    -89.21306000
);

-- City: Panchimalco
INSERT INTO cities (
    id,
    country_code, 
    country_name,
    state_code,
    state_name,
    name,
    i18n_key, 
    latitude, 
    longitude
) VALUES (
    104897,
    'SV',
    'El Salvador',
    'SS',
    'San Salvador',
    'Panchimalco',
    'sv.san_salvador.panchimalco.name',
    13.61278000,
    -89.18000000
);

-- City: Rosario de Mora
INSERT INTO cities (
    id,
    country_code, 
    country_name,
    state_code,
    state_name,
    name,
    i18n_key, 
    latitude, 
    longitude
) VALUES (
    104901,
    'SV',
    'El Salvador',
    'SS',
    'San Salvador',
    'Rosario de Mora',
    'sv.san_salvador.rosario_de_mora.name',
    13.57528000,
    -89.20889000
);

-- City: San Marcos
INSERT INTO cities (
    id,
    country_code, 
    country_name,
    state_code,
    state_name,
    name,
    i18n_key, 
    latitude, 
    longitude
) VALUES (
    104908,
    'SV',
    'El Salvador',
    'SS',
    'San Salvador',
    'San Marcos',
    'sv.san_salvador.san_marcos.name',
    13.65889000,
    -89.18306000
);

-- City: San Salvador
INSERT INTO cities (
    id,
    country_code, 
    country_name,
    state_code,
    state_name,
    name,
    i18n_key, 
    latitude, 
    longitude
) VALUES (
    104914,
    'SV',
    'El Salvador',
    'SS',
    'San Salvador',
    'San Salvador',
    'sv.san_salvador.san_salvador.name',
    13.68935000,
    -89.18718000
);

-- City: Santo Tom치s
INSERT INTO cities (
    id,
    country_code, 
    country_name,
    state_code,
    state_name,
    name,
    i18n_key, 
    latitude, 
    longitude
) VALUES (
    104923,
    'SV',
    'El Salvador',
    'SS',
    'San Salvador',
    'Santo Tom치s',
    'sv.san_salvador.santo_tomas.name',
    13.64083000,
    -89.13333000
);

-- City: Soyapango
INSERT INTO cities (
    id,
    country_code, 
    country_name,
    state_code,
    state_name,
    name,
    i18n_key, 
    latitude, 
    longitude
) VALUES (
    104929,
    'SV',
    'El Salvador',
    'SS',
    'San Salvador',
    'Soyapango',
    'sv.san_salvador.soyapango.name',
    13.71024000,
    -89.13989000
);

-- City: Tonacatepeque
INSERT INTO cities (
    id,
    country_code, 
    country_name,
    state_code,
    state_name,
    name,
    i18n_key, 
    latitude, 
    longitude
) VALUES (
    104935,
    'SV',
    'El Salvador',
    'SS',
    'San Salvador',
    'Tonacatepeque',
    'sv.san_salvador.tonacatepeque.name',
    13.78111000,
    -89.11861000
);


-- State: San Vicente
INSERT INTO states (
    id,
    country_code,
    state_code,
    name,
    i18n_key,
    type,
    latitude,
    longitude
) VALUES (
    4127,
    'SV',
    'SV',
    'San Vicente',
    'sv.san_vicente.name',
    'department',
    13.58685610,
    -88.74939980
);


-- City: Apastepeque
INSERT INTO cities (
    id,
    country_code, 
    country_name,
    state_code,
    state_name,
    name,
    i18n_key, 
    latitude, 
    longitude
) VALUES (
    104845,
    'SV',
    'El Salvador',
    'SV',
    'San Vicente',
    'Apastepeque',
    'sv.san_vicente.apastepeque.name',
    13.66667000,
    -88.78333000
);

-- City: San Sebasti치n
INSERT INTO cities (
    id,
    country_code, 
    country_name,
    state_code,
    state_name,
    name,
    i18n_key, 
    latitude, 
    longitude
) VALUES (
    104915,
    'SV',
    'El Salvador',
    'SV',
    'San Vicente',
    'San Sebasti치n',
    'sv.san_vicente.san_sebastian.name',
    13.73333000,
    -88.83333000
);

-- City: San Vicente
INSERT INTO cities (
    id,
    country_code, 
    country_name,
    state_code,
    state_name,
    name,
    i18n_key, 
    latitude, 
    longitude
) VALUES (
    104916,
    'SV',
    'El Salvador',
    'SV',
    'San Vicente',
    'San Vicente',
    'sv.san_vicente.san_vicente.name',
    13.63333000,
    -88.80000000
);


-- State: Santa Ana
INSERT INTO states (
    id,
    country_code,
    state_code,
    name,
    i18n_key,
    type,
    latitude,
    longitude
) VALUES (
    4128,
    'SV',
    'SA',
    'Santa Ana',
    'sv.santa_ana.name',
    'department',
    14.14611210,
    -89.51200840
);


-- City: Candelaria de La Frontera
INSERT INTO cities (
    id,
    country_code, 
    country_name,
    state_code,
    state_name,
    name,
    i18n_key, 
    latitude, 
    longitude
) VALUES (
    104852,
    'SV',
    'El Salvador',
    'SA',
    'Santa Ana',
    'Candelaria de La Frontera',
    'sv.santa_ana.candelaria_de_la_frontera.name',
    14.11667000,
    -89.65000000
);

-- City: Chalchuapa
INSERT INTO cities (
    id,
    country_code, 
    country_name,
    state_code,
    state_name,
    name,
    i18n_key, 
    latitude, 
    longitude
) VALUES (
    104854,
    'SV',
    'El Salvador',
    'SA',
    'Santa Ana',
    'Chalchuapa',
    'sv.santa_ana.chalchuapa.name',
    13.98667000,
    -89.68111000
);

-- City: Coatepeque
INSERT INTO cities (
    id,
    country_code, 
    country_name,
    state_code,
    state_name,
    name,
    i18n_key, 
    latitude, 
    longitude
) VALUES (
    104860,
    'SV',
    'El Salvador',
    'SA',
    'Santa Ana',
    'Coatepeque',
    'sv.santa_ana.coatepeque.name',
    13.92861000,
    -89.50417000
);

-- City: El Congo
INSERT INTO cities (
    id,
    country_code, 
    country_name,
    state_code,
    state_name,
    name,
    i18n_key, 
    latitude, 
    longitude
) VALUES (
    104868,
    'SV',
    'El Salvador',
    'SA',
    'Santa Ana',
    'El Congo',
    'sv.santa_ana.el_congo.name',
    13.90889000,
    -89.49583000
);

-- City: Metap치n
INSERT INTO cities (
    id,
    country_code, 
    country_name,
    state_code,
    state_name,
    name,
    i18n_key, 
    latitude, 
    longitude
) VALUES (
    104888,
    'SV',
    'El Salvador',
    'SA',
    'Santa Ana',
    'Metap치n',
    'sv.santa_ana.metapan.name',
    14.33333000,
    -89.45000000
);

-- City: Santa Ana
INSERT INTO cities (
    id,
    country_code, 
    country_name,
    state_code,
    state_name,
    name,
    i18n_key, 
    latitude, 
    longitude
) VALUES (
    104917,
    'SV',
    'El Salvador',
    'SA',
    'Santa Ana',
    'Santa Ana',
    'sv.santa_ana.santa_ana.name',
    13.99417000,
    -89.55972000
);

-- City: Texistepeque
INSERT INTO cities (
    id,
    country_code, 
    country_name,
    state_code,
    state_name,
    name,
    i18n_key, 
    latitude, 
    longitude
) VALUES (
    104934,
    'SV',
    'El Salvador',
    'SA',
    'Santa Ana',
    'Texistepeque',
    'sv.santa_ana.texistepeque.name',
    14.13333000,
    -89.50000000
);


-- State: Sonsonate
INSERT INTO states (
    id,
    country_code,
    state_code,
    name,
    i18n_key,
    type,
    latitude,
    longitude
) VALUES (
    4140,
    'SV',
    'SO',
    'Sonsonate',
    'sv.sonsonate.name',
    'department',
    13.68235800,
    -89.66281110
);


-- City: Acajutla
INSERT INTO cities (
    id,
    country_code, 
    country_name,
    state_code,
    state_name,
    name,
    i18n_key, 
    latitude, 
    longitude
) VALUES (
    104840,
    'SV',
    'El Salvador',
    'SO',
    'Sonsonate',
    'Acajutla',
    'sv.sonsonate.acajutla.name',
    13.59278000,
    -89.82750000
);

-- City: Armenia
INSERT INTO cities (
    id,
    country_code, 
    country_name,
    state_code,
    state_name,
    name,
    i18n_key, 
    latitude, 
    longitude
) VALUES (
    104847,
    'SV',
    'El Salvador',
    'SO',
    'Sonsonate',
    'Armenia',
    'sv.sonsonate.armenia.name',
    13.74361000,
    -89.49889000
);

-- City: Izalco
INSERT INTO cities (
    id,
    country_code, 
    country_name,
    state_code,
    state_name,
    name,
    i18n_key, 
    latitude, 
    longitude
) VALUES (
    104877,
    'SV',
    'El Salvador',
    'SO',
    'Sonsonate',
    'Izalco',
    'sv.sonsonate.izalco.name',
    13.74472000,
    -89.67306000
);

-- City: Juay칰a
INSERT INTO cities (
    id,
    country_code, 
    country_name,
    state_code,
    state_name,
    name,
    i18n_key, 
    latitude, 
    longitude
) VALUES (
    104880,
    'SV',
    'El Salvador',
    'SO',
    'Sonsonate',
    'Juay칰a',
    'sv.sonsonate.juayua.name',
    13.84139000,
    -89.74556000
);

-- City: Nahuizalco
INSERT INTO cities (
    id,
    country_code, 
    country_name,
    state_code,
    state_name,
    name,
    i18n_key, 
    latitude, 
    longitude
) VALUES (
    104890,
    'SV',
    'El Salvador',
    'SO',
    'Sonsonate',
    'Nahuizalco',
    'sv.sonsonate.nahuizalco.name',
    13.77750000,
    -89.73667000
);

-- City: San Antonio del Monte
INSERT INTO cities (
    id,
    country_code, 
    country_name,
    state_code,
    state_name,
    name,
    i18n_key, 
    latitude, 
    longitude
) VALUES (
    104904,
    'SV',
    'El Salvador',
    'SO',
    'Sonsonate',
    'San Antonio del Monte',
    'sv.sonsonate.san_antonio_del_monte.name',
    13.71639000,
    -89.73833000
);

-- City: Sonsonate
INSERT INTO cities (
    id,
    country_code, 
    country_name,
    state_code,
    state_name,
    name,
    i18n_key, 
    latitude, 
    longitude
) VALUES (
    104927,
    'SV',
    'El Salvador',
    'SO',
    'Sonsonate',
    'Sonsonate',
    'sv.sonsonate.sonsonate.name',
    13.71889000,
    -89.72417000
);

-- City: Sonzacate
INSERT INTO cities (
    id,
    country_code, 
    country_name,
    state_code,
    state_name,
    name,
    i18n_key, 
    latitude, 
    longitude
) VALUES (
    104928,
    'SV',
    'El Salvador',
    'SO',
    'Sonsonate',
    'Sonzacate',
    'sv.sonsonate.sonzacate.name',
    13.73417000,
    -89.71472000
);


-- State: Usulut치n
INSERT INTO states (
    id,
    country_code,
    state_code,
    name,
    i18n_key,
    type,
    latitude,
    longitude
) VALUES (
    4129,
    'SV',
    'US',
    'Usulut치n',
    'sv.usulutan.name',
    'department',
    13.44706340,
    -88.55653100
);


-- City: Berl칤n
INSERT INTO cities (
    id,
    country_code, 
    country_name,
    state_code,
    state_name,
    name,
    i18n_key, 
    latitude, 
    longitude
) VALUES (
    104850,
    'SV',
    'El Salvador',
    'US',
    'Usulut치n',
    'Berl칤n',
    'sv.usulutan.berlin.name',
    13.50000000,
    -88.53333000
);

-- City: Concepci칩n Batres
INSERT INTO cities (
    id,
    country_code, 
    country_name,
    state_code,
    state_name,
    name,
    i18n_key, 
    latitude, 
    longitude
) VALUES (
    104862,
    'SV',
    'El Salvador',
    'US',
    'Usulut치n',
    'Concepci칩n Batres',
    'sv.usulutan.concepcion_batres.name',
    13.35000000,
    -88.36667000
);

-- City: Jiquilisco
INSERT INTO cities (
    id,
    country_code, 
    country_name,
    state_code,
    state_name,
    name,
    i18n_key, 
    latitude, 
    longitude
) VALUES (
    104878,
    'SV',
    'El Salvador',
    'US',
    'Usulut치n',
    'Jiquilisco',
    'sv.usulutan.jiquilisco.name',
    13.31667000,
    -88.58333000
);

-- City: Jucuapa
INSERT INTO cities (
    id,
    country_code, 
    country_name,
    state_code,
    state_name,
    name,
    i18n_key, 
    latitude, 
    longitude
) VALUES (
    104881,
    'SV',
    'El Salvador',
    'US',
    'Usulut치n',
    'Jucuapa',
    'sv.usulutan.jucuapa.name',
    13.51667000,
    -88.38333000
);

-- City: Jucuar치n
INSERT INTO cities (
    id,
    country_code, 
    country_name,
    state_code,
    state_name,
    name,
    i18n_key, 
    latitude, 
    longitude
) VALUES (
    104882,
    'SV',
    'El Salvador',
    'US',
    'Usulut치n',
    'Jucuar치n',
    'sv.usulutan.jucuaran.name',
    13.25389000,
    -88.24778000
);

-- City: Ozatl치n
INSERT INTO cities (
    id,
    country_code, 
    country_name,
    state_code,
    state_name,
    name,
    i18n_key, 
    latitude, 
    longitude
) VALUES (
    104896,
    'SV',
    'El Salvador',
    'US',
    'Usulut치n',
    'Ozatl치n',
    'sv.usulutan.ozatlan.name',
    13.38333000,
    -88.50000000
);

-- City: Puerto El Triunfo
INSERT INTO cities (
    id,
    country_code, 
    country_name,
    state_code,
    state_name,
    name,
    i18n_key, 
    latitude, 
    longitude
) VALUES (
    104899,
    'SV',
    'El Salvador',
    'US',
    'Usulut치n',
    'Puerto El Triunfo',
    'sv.usulutan.puerto_el_triunfo.name',
    13.28333000,
    -88.55000000
);

-- City: San Agust칤n
INSERT INTO cities (
    id,
    country_code, 
    country_name,
    state_code,
    state_name,
    name,
    i18n_key, 
    latitude, 
    longitude
) VALUES (
    104902,
    'SV',
    'El Salvador',
    'US',
    'Usulut치n',
    'San Agust칤n',
    'sv.usulutan.san_agustin.name',
    13.43333000,
    -88.60000000
);

-- City: Santa Elena
INSERT INTO cities (
    id,
    country_code, 
    country_name,
    state_code,
    state_name,
    name,
    i18n_key, 
    latitude, 
    longitude
) VALUES (
    104918,
    'SV',
    'El Salvador',
    'US',
    'Usulut치n',
    'Santa Elena',
    'sv.usulutan.santa_elena.name',
    13.38333000,
    -88.41667000
);

-- City: Santiago de Mar칤a
INSERT INTO cities (
    id,
    country_code, 
    country_name,
    state_code,
    state_name,
    name,
    i18n_key, 
    latitude, 
    longitude
) VALUES (
    104922,
    'SV',
    'El Salvador',
    'US',
    'Usulut치n',
    'Santiago de Mar칤a',
    'sv.usulutan.santiago_de_maria.name',
    13.48333000,
    -88.46667000
);

-- City: Usulut치n
INSERT INTO cities (
    id,
    country_code, 
    country_name,
    state_code,
    state_name,
    name,
    i18n_key, 
    latitude, 
    longitude
) VALUES (
    104936,
    'SV',
    'El Salvador',
    'US',
    'Usulut치n',
    'Usulut치n',
    'sv.usulutan.usulutan.name',
    13.35000000,
    -88.45000000
);



