-- Country: Mozambique
INSERT INTO countries (
    code_iso2,
    code_iso3,
    name,
    i18n_key,
    currency,
    currency_symbol,
    region,
    nationality,
    timezones,
    latitude,
    longitude,
    emoji,
    emoji_u
) VALUES (
    'MZ',
    'MOZ',
    'Mozambique',
    'mz.name',
    'MZN',
    'MT',
    'Africa',
    'Mozambican',
    '[{zoneName:''Africa\/Maputo'',gmtOffset:7200,gmtOffsetName:''UTC+02:00'',abbreviation:''CAT'',tzName:''Central Africa Time''}]',
    -18.25000000,
    35.00000000,
    '🇲🇿',
    'U+1F1F2 U+1F1FF'
);


-- State: Cabo Delgado
INSERT INTO states (
    id,
    country_code,
    state_code,
    name,
    i18n_key,
    type,
    latitude,
    longitude
) VALUES (
    3327,
    'MZ',
    'P',
    'Cabo Delgado',
    'mz.cabo_delgado.name',
    'province',
    -12.33354740,
    39.32062410
);


-- City: Chiure
INSERT INTO cities (
    id,
    country_code, 
    country_name,
    state_code,
    state_name,
    name,
    i18n_key, 
    latitude, 
    longitude
) VALUES (
    76595,
    'MZ',
    'Mozambique',
    'P',
    'Cabo Delgado',
    'Chiure',
    'mz.cabo_delgado.chiure.name',
    -13.46665000,
    39.70317000
);

-- City: Mocímboa
INSERT INTO cities (
    id,
    country_code, 
    country_name,
    state_code,
    state_name,
    name,
    i18n_key, 
    latitude, 
    longitude
) VALUES (
    76614,
    'MZ',
    'Mozambique',
    'P',
    'Cabo Delgado',
    'Mocímboa',
    'mz.cabo_delgado.mocimboa.name',
    -11.31667000,
    40.35000000
);

-- City: Montepuez
INSERT INTO cities (
    id,
    country_code, 
    country_name,
    state_code,
    state_name,
    name,
    i18n_key, 
    latitude, 
    longitude
) VALUES (
    76615,
    'MZ',
    'Mozambique',
    'P',
    'Cabo Delgado',
    'Montepuez',
    'mz.cabo_delgado.montepuez.name',
    -13.12556000,
    38.99972000
);

-- City: Pemba
INSERT INTO cities (
    id,
    country_code, 
    country_name,
    state_code,
    state_name,
    name,
    i18n_key, 
    latitude, 
    longitude
) VALUES (
    76621,
    'MZ',
    'Mozambique',
    'P',
    'Cabo Delgado',
    'Pemba',
    'mz.cabo_delgado.pemba.name',
    -12.97395000,
    40.51775000
);


-- State: Gaza
INSERT INTO states (
    id,
    country_code,
    state_code,
    name,
    i18n_key,
    type,
    latitude,
    longitude
) VALUES (
    3329,
    'MZ',
    'G',
    'Gaza',
    'mz.gaza.name',
    'province',
    -23.02219280,
    32.71813750
);


-- City: Chibuto
INSERT INTO cities (
    id,
    country_code, 
    country_name,
    state_code,
    state_name,
    name,
    i18n_key, 
    latitude, 
    longitude
) VALUES (
    76592,
    'MZ',
    'Mozambique',
    'G',
    'Gaza',
    'Chibuto',
    'mz.gaza.chibuto.name',
    -24.68667000,
    33.53056000
);

-- City: Chokwé
INSERT INTO cities (
    id,
    country_code, 
    country_name,
    state_code,
    state_name,
    name,
    i18n_key, 
    latitude, 
    longitude
) VALUES (
    76596,
    'MZ',
    'Mozambique',
    'G',
    'Gaza',
    'Chokwé',
    'mz.gaza.chokwe.name',
    -24.53333000,
    32.98333000
);

-- City: Macia
INSERT INTO cities (
    id,
    country_code, 
    country_name,
    state_code,
    state_name,
    name,
    i18n_key, 
    latitude, 
    longitude
) VALUES (
    76604,
    'MZ',
    'Mozambique',
    'G',
    'Gaza',
    'Macia',
    'mz.gaza.macia.name',
    -25.02694000,
    33.09889000
);

-- City: Xai-Xai
INSERT INTO cities (
    id,
    country_code, 
    country_name,
    state_code,
    state_name,
    name,
    i18n_key, 
    latitude, 
    longitude
) VALUES (
    76625,
    'MZ',
    'Mozambique',
    'G',
    'Gaza',
    'Xai-Xai',
    'mz.gaza.xai_xai.name',
    -25.05194000,
    33.64417000
);


-- State: Inhambane
INSERT INTO states (
    id,
    country_code,
    state_code,
    name,
    i18n_key,
    type,
    latitude,
    longitude
) VALUES (
    3330,
    'MZ',
    'I',
    'Inhambane',
    'mz.inhambane.name',
    'province',
    -22.85279970,
    34.55087580
);


-- City: Inhambane
INSERT INTO cities (
    id,
    country_code, 
    country_name,
    state_code,
    state_name,
    name,
    i18n_key, 
    latitude, 
    longitude
) VALUES (
    76601,
    'MZ',
    'Mozambique',
    'I',
    'Inhambane',
    'Inhambane',
    'mz.inhambane.inhambane.name',
    -23.86500000,
    35.38333000
);

-- City: Maxixe
INSERT INTO cities (
    id,
    country_code, 
    country_name,
    state_code,
    state_name,
    name,
    i18n_key, 
    latitude, 
    longitude
) VALUES (
    76612,
    'MZ',
    'Mozambique',
    'I',
    'Inhambane',
    'Maxixe',
    'mz.inhambane.maxixe.name',
    -23.85972000,
    35.34722000
);


-- State: Manica
INSERT INTO states (
    id,
    country_code,
    state_code,
    name,
    i18n_key,
    type,
    latitude,
    longitude
) VALUES (
    3337,
    'MZ',
    'B',
    'Manica',
    'mz.manica.name',
    'province',
    -19.50597870,
    33.43835300
);


-- City: Chimoio
INSERT INTO cities (
    id,
    country_code, 
    country_name,
    state_code,
    state_name,
    name,
    i18n_key, 
    latitude, 
    longitude
) VALUES (
    76593,
    'MZ',
    'Mozambique',
    'B',
    'Manica',
    'Chimoio',
    'mz.manica.chimoio.name',
    -19.11639000,
    33.48333000
);


-- State: Maputo
INSERT INTO states (
    id,
    country_code,
    state_code,
    name,
    i18n_key,
    type,
    latitude,
    longitude
) VALUES (
    3332,
    'MZ',
    'L',
    'Maputo',
    'mz.maputo.name',
    'province',
    -25.25698760,
    32.53727410
);


-- City: Boane District
INSERT INTO cities (
    id,
    country_code, 
    country_name,
    state_code,
    state_name,
    name,
    i18n_key, 
    latitude, 
    longitude
) VALUES (
    76591,
    'MZ',
    'Mozambique',
    'L',
    'Maputo',
    'Boane District',
    'mz.maputo.boane_district.name',
    -26.02900000,
    32.38900000
);

-- City: Concelho de Matola
INSERT INTO cities (
    id,
    country_code, 
    country_name,
    state_code,
    state_name,
    name,
    i18n_key, 
    latitude, 
    longitude
) VALUES (
    76597,
    'MZ',
    'Mozambique',
    'L',
    'Maputo',
    'Concelho de Matola',
    'mz.maputo.concelho_de_matola.name',
    -25.83472000,
    32.49516000
);

-- City: Magude District
INSERT INTO cities (
    id,
    country_code, 
    country_name,
    state_code,
    state_name,
    name,
    i18n_key, 
    latitude, 
    longitude
) VALUES (
    76605,
    'MZ',
    'Mozambique',
    'L',
    'Maputo',
    'Magude District',
    'mz.maputo.magude_district.name',
    -25.02389000,
    32.65150000
);

-- City: Manhica
INSERT INTO cities (
    id,
    country_code, 
    country_name,
    state_code,
    state_name,
    name,
    i18n_key, 
    latitude, 
    longitude
) VALUES (
    76607,
    'MZ',
    'Mozambique',
    'L',
    'Maputo',
    'Manhica',
    'mz.maputo.manhica.name',
    -25.34035000,
    32.84234000
);

-- City: Marracuene District
INSERT INTO cities (
    id,
    country_code, 
    country_name,
    state_code,
    state_name,
    name,
    i18n_key, 
    latitude, 
    longitude
) VALUES (
    76609,
    'MZ',
    'Mozambique',
    'L',
    'Maputo',
    'Marracuene District',
    'mz.maputo.marracuene_district.name',
    -25.73938000,
    32.67436000
);

-- City: Matola
INSERT INTO cities (
    id,
    country_code, 
    country_name,
    state_code,
    state_name,
    name,
    i18n_key, 
    latitude, 
    longitude
) VALUES (
    76610,
    'MZ',
    'Mozambique',
    'L',
    'Maputo',
    'Matola',
    'mz.maputo.matola.name',
    -25.96222000,
    32.45889000
);

-- City: Matutiune District
INSERT INTO cities (
    id,
    country_code, 
    country_name,
    state_code,
    state_name,
    name,
    i18n_key, 
    latitude, 
    longitude
) VALUES (
    76611,
    'MZ',
    'Mozambique',
    'L',
    'Maputo',
    'Matutiune District',
    'mz.maputo.matutiune_district.name',
    -26.43418000,
    32.58820000
);

-- City: Moamba District
INSERT INTO cities (
    id,
    country_code, 
    country_name,
    state_code,
    state_name,
    name,
    i18n_key, 
    latitude, 
    longitude
) VALUES (
    76613,
    'MZ',
    'Mozambique',
    'L',
    'Maputo',
    'Moamba District',
    'mz.maputo.moamba_district.name',
    -25.60934000,
    32.24321000
);

-- City: Namaacha District
INSERT INTO cities (
    id,
    country_code, 
    country_name,
    state_code,
    state_name,
    name,
    i18n_key, 
    latitude, 
    longitude
) VALUES (
    76618,
    'MZ',
    'Mozambique',
    'L',
    'Maputo',
    'Namaacha District',
    'mz.maputo.namaacha_district.name',
    -26.10900000,
    32.18000000
);

-- City: Ressano Garcia
INSERT INTO cities (
    id,
    country_code, 
    country_name,
    state_code,
    state_name,
    name,
    i18n_key, 
    latitude, 
    longitude
) VALUES (
    76623,
    'MZ',
    'Mozambique',
    'L',
    'Maputo',
    'Ressano Garcia',
    'mz.maputo.ressano_garcia.name',
    -25.44278000,
    31.99528000
);


-- State: Maputo
INSERT INTO states (
    id,
    country_code,
    state_code,
    name,
    i18n_key,
    type,
    latitude,
    longitude
) VALUES (
    3335,
    'MZ',
    'MPM',
    'Maputo',
    'mz.maputo.name',
    'city',
    -25.96924800,
    32.57317460
);


-- City: KaTembe
INSERT INTO cities (
    id,
    country_code, 
    country_name,
    state_code,
    state_name,
    name,
    i18n_key, 
    latitude, 
    longitude
) VALUES (
    76602,
    'MZ',
    'Mozambique',
    'MPM',
    'Maputo',
    'KaTembe',
    'mz.maputo.katembe.name',
    -26.02985000,
    32.53204000
);

-- City: Maputo
INSERT INTO cities (
    id,
    country_code, 
    country_name,
    state_code,
    state_name,
    name,
    i18n_key, 
    latitude, 
    longitude
) VALUES (
    76608,
    'MZ',
    'Mozambique',
    'MPM',
    'Maputo',
    'Maputo',
    'mz.maputo.maputo.name',
    -25.96553000,
    32.58322000
);


-- State: Nampula
INSERT INTO states (
    id,
    country_code,
    state_code,
    name,
    i18n_key,
    type,
    latitude,
    longitude
) VALUES (
    3336,
    'MZ',
    'N',
    'Nampula',
    'mz.nampula.name',
    'province',
    -14.76049310,
    39.32062410
);


-- City: António Enes
INSERT INTO cities (
    id,
    country_code, 
    country_name,
    state_code,
    state_name,
    name,
    i18n_key, 
    latitude, 
    longitude
) VALUES (
    76589,
    'MZ',
    'Mozambique',
    'N',
    'Nampula',
    'António Enes',
    'mz.nampula.antonio_enes.name',
    -16.23250000,
    39.90861000
);

-- City: Ilha de Moçambique
INSERT INTO cities (
    id,
    country_code, 
    country_name,
    state_code,
    state_name,
    name,
    i18n_key, 
    latitude, 
    longitude
) VALUES (
    76600,
    'MZ',
    'Mozambique',
    'N',
    'Nampula',
    'Ilha de Moçambique',
    'mz.nampula.ilha_de_mocambique.name',
    -15.03417000,
    40.73583000
);

-- City: Mutuáli
INSERT INTO cities (
    id,
    country_code, 
    country_name,
    state_code,
    state_name,
    name,
    i18n_key, 
    latitude, 
    longitude
) VALUES (
    76616,
    'MZ',
    'Mozambique',
    'N',
    'Nampula',
    'Mutuáli',
    'mz.nampula.mutuali.name',
    -14.87056000,
    37.00444000
);

-- City: Nacala
INSERT INTO cities (
    id,
    country_code, 
    country_name,
    state_code,
    state_name,
    name,
    i18n_key, 
    latitude, 
    longitude
) VALUES (
    76617,
    'MZ',
    'Mozambique',
    'N',
    'Nampula',
    'Nacala',
    'mz.nampula.nacala.name',
    -14.56257000,
    40.68538000
);

-- City: Nampula
INSERT INTO cities (
    id,
    country_code, 
    country_name,
    state_code,
    state_name,
    name,
    i18n_key, 
    latitude, 
    longitude
) VALUES (
    76619,
    'MZ',
    'Mozambique',
    'N',
    'Nampula',
    'Nampula',
    'mz.nampula.nampula.name',
    -15.11646000,
    39.26660000
);


-- State: Niassa
INSERT INTO states (
    id,
    country_code,
    state_code,
    name,
    i18n_key,
    type,
    latitude,
    longitude
) VALUES (
    3333,
    'MZ',
    'A',
    'Niassa',
    'mz.niassa.name',
    'province',
    -12.78262020,
    36.60939260
);


-- City: Cuamba
INSERT INTO cities (
    id,
    country_code, 
    country_name,
    state_code,
    state_name,
    name,
    i18n_key, 
    latitude, 
    longitude
) VALUES (
    76598,
    'MZ',
    'Mozambique',
    'A',
    'Niassa',
    'Cuamba',
    'mz.niassa.cuamba.name',
    -14.80306000,
    36.53722000
);

-- City: Lichinga
INSERT INTO cities (
    id,
    country_code, 
    country_name,
    state_code,
    state_name,
    name,
    i18n_key, 
    latitude, 
    longitude
) VALUES (
    76603,
    'MZ',
    'Mozambique',
    'A',
    'Niassa',
    'Lichinga',
    'mz.niassa.lichinga.name',
    -13.31278000,
    35.24056000
);

-- City: Mandimba
INSERT INTO cities (
    id,
    country_code, 
    country_name,
    state_code,
    state_name,
    name,
    i18n_key, 
    latitude, 
    longitude
) VALUES (
    76606,
    'MZ',
    'Mozambique',
    'A',
    'Niassa',
    'Mandimba',
    'mz.niassa.mandimba.name',
    -14.35250000,
    35.65056000
);


-- State: Sofala
INSERT INTO states (
    id,
    country_code,
    state_code,
    name,
    i18n_key,
    type,
    latitude,
    longitude
) VALUES (
    3331,
    'MZ',
    'S',
    'Sofala',
    'mz.sofala.name',
    'province',
    -19.20390730,
    34.86241660
);


-- City: Beira
INSERT INTO cities (
    id,
    country_code, 
    country_name,
    state_code,
    state_name,
    name,
    i18n_key, 
    latitude, 
    longitude
) VALUES (
    76590,
    'MZ',
    'Mozambique',
    'S',
    'Sofala',
    'Beira',
    'mz.sofala.beira.name',
    -19.84361000,
    34.83889000
);

-- City: Dondo
INSERT INTO cities (
    id,
    country_code, 
    country_name,
    state_code,
    state_name,
    name,
    i18n_key, 
    latitude, 
    longitude
) VALUES (
    76599,
    'MZ',
    'Mozambique',
    'S',
    'Sofala',
    'Dondo',
    'mz.sofala.dondo.name',
    -19.60944000,
    34.74306000
);

-- City: Nhamatanda District
INSERT INTO cities (
    id,
    country_code, 
    country_name,
    state_code,
    state_name,
    name,
    i18n_key, 
    latitude, 
    longitude
) VALUES (
    76620,
    'MZ',
    'Mozambique',
    'S',
    'Sofala',
    'Nhamatanda District',
    'mz.sofala.nhamatanda_district.name',
    -19.34900000,
    34.26800000
);


-- State: Tete
INSERT INTO states (
    id,
    country_code,
    state_code,
    name,
    i18n_key,
    type,
    latitude,
    longitude
) VALUES (
    3334,
    'MZ',
    'T',
    'Tete',
    'mz.tete.name',
    'province',
    -15.65960560,
    32.71813750
);


-- City: Tete
INSERT INTO cities (
    id,
    country_code, 
    country_name,
    state_code,
    state_name,
    name,
    i18n_key, 
    latitude, 
    longitude
) VALUES (
    76624,
    'MZ',
    'Mozambique',
    'T',
    'Tete',
    'Tete',
    'mz.tete.tete.name',
    -16.15639000,
    33.58667000
);


-- State: Zambezia
INSERT INTO states (
    id,
    country_code,
    state_code,
    name,
    i18n_key,
    type,
    latitude,
    longitude
) VALUES (
    3328,
    'MZ',
    'Q',
    'Zambezia',
    'mz.zambezia.name',
    'province',
    -16.56389870,
    36.60939260
);


-- City: Alto Molócuè
INSERT INTO cities (
    id,
    country_code, 
    country_name,
    state_code,
    state_name,
    name,
    i18n_key, 
    latitude, 
    longitude
) VALUES (
    76588,
    'MZ',
    'Mozambique',
    'Q',
    'Zambezia',
    'Alto Molócuè',
    'mz.zambezia.alto_molocue.name',
    -15.64932000,
    37.66384000
);

-- City: Chinde
INSERT INTO cities (
    id,
    country_code, 
    country_name,
    state_code,
    state_name,
    name,
    i18n_key, 
    latitude, 
    longitude
) VALUES (
    76594,
    'MZ',
    'Mozambique',
    'Q',
    'Zambezia',
    'Chinde',
    'mz.zambezia.chinde.name',
    -18.58111000,
    36.45861000
);

-- City: Quelimane
INSERT INTO cities (
    id,
    country_code, 
    country_name,
    state_code,
    state_name,
    name,
    i18n_key, 
    latitude, 
    longitude
) VALUES (
    76622,
    'MZ',
    'Mozambique',
    'Q',
    'Zambezia',
    'Quelimane',
    'mz.zambezia.quelimane.name',
    -17.87861000,
    36.88833000
);



